customer_id,promo_code,used_at,loan_id,is_test_data
C00009413,PROMO008,2025-06-03 18:38:17,LN20250603000001,1
C00007379,PROMO009,2025-03-04 22:30:40,LN20250304000001,1
C00004906,PROMO010,2025-02-14 22:41:42,LN20250214000001,1
C00001414,PROMO012,2025-05-31 18:13:12,LN20250531000001,1
C00002523,PROMO008,2025-04-13 13:07:15,LN20250413000001,1
C00003075,PROMO010,2025-05-13 23:29:35,LN20250513000001,1
C00001135,PROMO012,2025-06-04 10:11:56,LN20250604000002,1
C00001135,PROMO006,2025-05-16 12:15:37,LN20250516000001,1
C00005471,PROMO001,2025-02-09 21:43:10,LN20250209000002,1
C00006108,PROMO009,2025-02-23 18:13:01,LN20250223000001,1
C00002906,PROMO010,2025-01-25 20:41:45,LN20250125000001,1
C00002906,PROMO001,2025-01-15 13:05:38,LN20250115000001,1
C00000187,PROMO010,2025-05-16 20:23:37,LN20250516000002,1
C00009060,PROMO006,2025-04-13 02:03:58,LN20250413000002,1
C00009060,PROMO009,2025-02-17 22:29:03,LN20250217000002,1
C00001580,PROMO007,2025-03-10 18:26:48,LN20250310000001,1
C00000675,PROMO007,2025-03-23 17:17:45,LN20250323000001,1
C00004105,PROMO013,2025-02-09 10:28:37,LN20250209000003,1
C00006028,PROMO008,2025-06-19 01:55:48,LN20250619000001,1
C00000962,PROMO005,2025-03-13 17:20:28,LN20250313000001,1
C00002438,PROMO002,2025-02-23 10:21:14,LN20250223000002,1
C00002823,PROMO009,2025-03-22 09:45:56,LN20250322000001,1
C00008332,PROMO011,2025-04-06 21:58:30,LN20250406000001,1
C00006144,PROMO012,2025-01-18 12:48:05,LN20250118000001,1
C00003009,PROMO006,2025-06-30 07:22:21,LN20250630000001,1
C00003009,PROMO015,2025-06-15 22:47:47,LN20250615000001,1
C00007186,PROMO015,2025-06-04 16:18:01,LN20250604000003,1
C00008103,PROMO008,2025-02-15 21:34:48,LN20250215000002,1
C00009704,PROMO006,2025-02-25 10:53:06,LN20250225000001,1
C00009470,PROMO001,2025-06-26 12:06:52,LN20250626000001,1
C00003603,PROMO002,2025-02-28 14:13:32,LN20250228000001,1
C00004450,PROMO012,2025-02-13 20:30:57,LN20250213000002,1
C00009034,PROMO006,2025-04-04 20:00:26,LN20250404000001,1
C00003868,PROMO012,2025-06-29 13:46:24,LN20250629000002,1
C00003868,PROMO005,2025-06-17 09:17:21,LN20250617000001,1
C00000289,PROMO012,2025-04-05 20:17:52,LN20250405000001,1
C00009690,PROMO009,2025-03-20 20:17:15,LN20250320000001,1
C00003806,PROMO012,2025-04-28 08:27:08,LN20250428000001,1
C00003289,PROMO007,2025-02-04 20:24:57,LN20250204000002,1
C00009233,PROMO006,2025-06-21 20:51:41,LN20250621000003,1
C00002838,PROMO002,2025-02-23 13:39:26,LN20250223000004,1
C00003256,PROMO007,2025-02-07 17:58:13,LN20250207000002,1
C00009402,PROMO001,2025-03-25 15:10:50,LN20250325000001,1
C00009402,PROMO009,2025-02-24 14:17:36,LN20250224000003,1
C00005983,PROMO014,2025-02-15 12:34:31,LN20250215000004,1
C00008444,PROMO004,2025-04-12 12:22:40,LN20250412000002,1
C00007990,PROMO002,2025-03-29 13:33:31,LN20250329000002,1
C00007990,PROMO009,2025-03-13 21:35:57,LN20250313000002,1
C00005417,PROMO005,2025-03-01 16:51:11,LN20250301000002,1
C00001928,PROMO005,2025-03-02 21:35:38,LN20250302000002,1
C00000920,PROMO007,2025-03-03 20:22:44,LN20250303000001,1
C00006667,PROMO004,2025-05-17 19:18:42,LN20250517000001,1
C00009323,PROMO007,2025-02-28 13:39:20,LN20250228000003,1
C00009323,PROMO009,2025-02-27 22:34:50,LN20250227000003,1
C00008680,PROMO009,2025-01-25 20:20:58,LN20250125000002,1
C00003286,PROMO007,2025-06-01 20:08:38,LN20250601000002,1
C00005730,PROMO009,2025-06-20 21:13:45,LN20250620000002,1
C00009828,PROMO001,2025-04-09 13:49:26,LN20250409000003,1
C00000978,PROMO013,2025-02-26 11:42:54,LN20250226000001,1
C00005547,PROMO012,2025-02-22 22:47:14,LN20250222000004,1
C00005547,PROMO011,2025-03-13 22:51:35,LN20250313000003,1
C00005464,PROMO004,2025-05-14 13:23:33,LN20250514000003,1
C00006766,PROMO001,2025-02-28 22:24:05,LN20250228000007,1
C00009595,PROMO008,2025-04-24 12:25:48,LN20250424000002,1
C00003463,PROMO008,2025-05-03 12:15:58,LN20250503000003,1
C00000979,PROMO001,2025-03-01 11:41:34,LN20250301000004,1
C00007127,PROMO003,2025-02-22 13:00:35,LN20250222000005,1
C00001689,PROMO005,2025-05-11 22:48:47,LN20250511000003,1
C00005578,PROMO008,2025-03-21 14:19:54,LN20250321000002,1
C00003124,PROMO005,2025-06-01 22:23:07,LN20250601000003,1
C00003645,PROMO013,2025-05-30 22:26:38,LN20250530000002,1
C00000128,PROMO014,2025-06-18 12:55:10,LN20250618000002,1
C00000128,PROMO012,2025-06-17 18:10:17,LN20250617000004,1
C00008509,PROMO009,2025-05-31 10:11:24,LN20250531000002,1
C00008509,PROMO002,2025-05-31 11:57:07,LN20250531000003,1
C00007210,PROMO007,2025-05-01 22:18:10,LN20250501000002,1
C00002501,PROMO008,2025-02-15 13:59:05,LN20250215000007,1
C00008555,PROMO010,2025-03-10 11:57:50,LN20250310000006,1
C00001850,PROMO010,2025-03-23 21:47:41,LN20250323000006,1
C00009722,PROMO006,2025-04-21 12:44:01,LN20250421000002,1
C00002257,PROMO009,2025-06-14 12:44:21,LN20250614000003,1
C00006099,PROMO013,2025-05-12 01:50:35,LN20250512000003,1
C00002887,PROMO004,2025-05-31 11:31:34,LN20250531000004,1
C00006635,PROMO011,2025-03-02 13:04:08,LN20250302000003,1
C00009287,PROMO012,2025-03-21 12:19:14,LN20250321000004,1
C00009287,PROMO011,2025-03-07 08:41:27,LN20250307000003,1
C00007506,PROMO012,2025-05-03 12:55:34,LN20250503000004,1
C00007506,PROMO003,2025-05-16 21:24:25,LN20250516000004,1
C00003334,PROMO007,2025-05-20 21:29:32,LN20250520000002,1
C00003334,PROMO003,2025-06-04 21:59:38,LN20250604000005,1
C00007107,PROMO005,2025-03-30 13:46:40,LN20250330000001,1
C00002178,PROMO012,2025-03-14 19:28:24,LN20250314000002,1
C00003852,PROMO003,2025-03-04 09:12:37,LN20250304000008,1
C00003852,PROMO011,2025-04-22 17:32:46,LN20250422000005,1
C00003062,PROMO009,2025-04-30 20:57:00,LN20250430000003,1
C00000098,PROMO010,2025-03-19 02:08:29,LN20250319000003,1
C00000098,PROMO002,2025-02-13 21:03:45,LN20250213000005,1
C00002299,PROMO004,2025-03-21 15:06:50,LN20250321000005,1
C00003660,PROMO002,2025-04-07 17:15:10,LN20250407000005,1
C00003037,PROMO015,2025-04-24 12:47:04,LN20250424000004,1
C00006337,PROMO008,2025-03-14 20:28:31,LN20250314000003,1
C00007387,PROMO004,2025-05-08 21:22:31,LN20250508000003,1
C00002435,PROMO011,2025-05-30 21:35:41,LN20250530000004,1
C00000929,PROMO014,2025-03-28 23:13:46,LN20250328000006,1
C00003884,PROMO012,2025-04-06 00:41:35,LN20250406000003,1
C00003884,PROMO010,2025-03-15 13:04:45,LN20250315000002,1
C00003884,PROMO007,2025-04-19 12:38:57,LN20250419000002,1
C00003260,PROMO013,2025-04-17 18:51:45,LN20250417000004,1
C00003260,PROMO003,2025-04-22 21:42:02,LN20250422000006,1
C00003260,PROMO012,2025-03-31 13:44:05,LN20250331000003,1
C00001546,PROMO002,2025-06-18 13:36:17,LN20250618000003,1
C00001392,PROMO004,2025-02-13 12:12:02,LN20250213000007,1
C00003793,PROMO003,2025-05-20 10:28:42,LN20250520000003,1
C00007328,PROMO003,2025-04-16 12:37:42,LN20250416000002,1
C00006970,PROMO005,2025-04-06 09:42:52,LN20250406000004,1
C00005304,PROMO003,2025-05-04 14:59:08,LN20250504000004,1
C00004098,PROMO011,2025-06-10 20:03:39,LN20250610000003,1
C00007307,PROMO015,2025-06-11 21:31:01,LN20250611000002,1
C00009952,PROMO013,2025-06-07 14:51:20,LN20250607000004,1
C00004269,PROMO003,2025-02-15 22:47:25,LN20250215000009,1
C00008451,PROMO006,2025-02-27 13:24:34,LN20250227000007,1
C00003594,PROMO003,2025-04-27 08:05:17,LN20250427000003,1
C00004446,PROMO011,2025-05-17 22:46:52,LN20250517000007,1
C00009809,PROMO014,2025-04-05 06:57:06,LN20250405000004,1
C00008046,PROMO006,2025-06-20 15:44:08,LN20250620000008,1
C00005478,PROMO014,2025-01-23 13:06:29,LN20250123000001,1
C00008017,PROMO009,2025-03-07 21:31:52,LN20250307000005,1
C00009408,PROMO006,2025-02-04 00:27:41,LN20250204000005,1
C00006418,PROMO003,2025-01-17 13:45:01,LN20250117000001,1
C00008465,PROMO004,2025-04-27 15:19:35,LN20250427000004,1
C00006649,PROMO005,2025-02-28 09:50:37,LN20250228000008,1
C00006819,PROMO009,2025-04-08 12:52:50,LN20250408000003,1
C00006819,PROMO006,2025-02-14 21:11:36,LN20250214000010,1
C00006819,PROMO013,2025-03-13 12:00:38,LN20250313000004,1
C00003396,PROMO010,2025-03-16 20:22:37,LN20250316000004,1
C00003396,PROMO012,2025-02-20 16:41:37,LN20250220000007,1
C00001277,PROMO008,2025-02-26 13:19:13,LN20250226000002,1
C00001277,PROMO010,2025-02-08 22:30:02,LN20250208000002,1
C00005818,PROMO003,2025-03-30 21:48:53,LN20250330000003,1
C00008941,PROMO007,2025-04-11 21:20:22,LN20250411000006,1
C00000904,PROMO009,2025-03-21 22:48:34,LN20250321000007,1
C00006851,PROMO005,2025-04-16 20:06:20,LN20250416000004,1
C00005085,PROMO004,2025-03-14 21:37:58,LN20250314000005,1
C00007681,PROMO001,2025-03-08 22:14:39,LN20250308000006,1
C00007681,PROMO001,2025-02-02 13:02:11,LN20250202000002,1
C00007681,PROMO006,2025-02-17 11:30:45,LN20250217000004,1
C00002918,PROMO003,2025-06-14 13:45:08,LN20250614000005,1
C00007149,PROMO015,2025-01-21 22:05:01,LN20250121000002,1
C00007149,PROMO002,2025-01-23 09:02:37,LN20250123000002,1
C00001032,PROMO012,2025-04-20 16:46:13,LN20250420000002,1
C00004788,PROMO001,2025-03-29 12:25:54,LN20250329000005,1
C00006357,PROMO008,2025-05-29 22:51:42,LN20250529000006,1
C00006357,PROMO012,2025-06-22 19:44:09,LN20250622000004,1
C00006357,PROMO015,2025-05-02 12:25:24,LN20250502000002,1
C00000500,PROMO014,2025-02-27 18:07:02,LN20250227000009,1
C00001876,PROMO012,2025-05-23 09:13:01,LN20250523000004,1
C00007793,PROMO015,2025-02-07 06:31:45,LN20250207000005,1
C00007793,PROMO007,2025-03-01 20:45:31,LN20250301000007,1
C00007793,PROMO013,2025-02-12 13:19:07,LN20250212000010,1
C00009077,PROMO014,2025-04-30 09:12:37,LN20250430000004,1
C00005382,PROMO005,2025-02-14 11:38:54,LN20250214000012,1
C00002970,PROMO001,2025-02-08 20:43:09,LN20250208000004,1
C00001387,PROMO002,2025-04-20 22:55:42,LN20250420000003,1
C00006841,PROMO013,2025-03-03 22:23:50,LN20250303000007,1
C00005772,PROMO011,2025-02-28 10:28:27,LN20250228000011,1
C00006055,PROMO015,2025-03-06 21:31:59,LN20250306000011,1
C00001236,PROMO006,2025-06-22 20:35:18,LN20250622000005,1
C00008301,PROMO001,2025-02-19 18:08:08,LN20250219000006,1
C00008301,PROMO003,2025-03-04 20:41:27,LN20250304000012,1
C00002847,PROMO013,2025-02-21 18:46:40,LN20250221000006,1
C00003568,PROMO011,2025-04-21 18:17:33,LN20250421000003,1
C00007084,PROMO011,2025-05-22 14:56:56,LN20250522000003,1
C00007084,PROMO002,2025-05-22 00:14:03,LN20250522000004,1
C00007084,PROMO010,2025-05-26 11:23:49,LN20250526000010,1
C00008739,PROMO015,2025-06-12 02:46:28,LN20250612000010,1
C00008342,PROMO006,2025-03-04 12:14:09,LN20250304000013,1
C00006593,PROMO005,2025-04-22 12:13:37,LN20250422000008,1
C00007788,PROMO010,2025-03-21 13:07:19,LN20250321000009,1
C00000514,PROMO013,2025-05-19 18:05:54,LN20250519000004,1
C00000606,PROMO005,2025-02-22 10:42:13,LN20250222000010,1
C00007897,PROMO012,2025-03-01 16:47:43,LN20250301000008,1
C00009063,PROMO008,2025-06-11 18:37:30,LN20250611000004,1
C00004363,PROMO001,2025-05-24 21:29:56,LN20250524000004,1
C00004363,PROMO012,2025-04-30 20:21:23,LN20250430000005,1
C00003956,PROMO013,2025-05-13 21:25:17,LN20250513000005,1
C00007351,PROMO005,2025-03-28 22:59:30,LN20250328000007,1
C00004171,PROMO003,2025-04-11 00:54:14,LN20250411000007,1
C00004292,PROMO013,2025-04-20 20:12:30,LN20250420000004,1
C00005444,PROMO007,2025-04-21 12:59:16,LN20250421000004,1
C00003446,PROMO009,2025-06-12 22:15:03,LN20250612000011,1
C00009540,PROMO015,2025-03-15 02:02:12,LN20250315000004,1
C00001052,PROMO011,2025-03-21 20:50:06,LN20250321000010,1
C00003020,PROMO007,2025-02-07 09:59:50,LN20250207000006,1
C00008829,PROMO007,2025-05-31 14:54:29,LN20250531000007,1
C00008829,PROMO001,2025-05-30 09:17:45,LN20250530000005,1
C00008502,PROMO014,2025-02-25 21:27:12,LN20250225000005,1
C00008216,PROMO013,2025-04-15 16:01:42,LN20250415000003,1
C00008216,PROMO003,2025-05-15 14:14:33,LN20250515000006,1
C00009052,PROMO011,2025-03-02 15:29:21,LN20250302000009,1
C00005720,PROMO009,2025-03-01 22:04:28,LN20250301000010,1
C00001619,PROMO003,2025-02-28 12:51:15,LN20250228000012,1
C00003325,PROMO005,2025-04-04 20:40:29,LN20250404000006,1
C00003654,PROMO006,2025-06-01 13:11:18,LN20250601000006,1
C00006740,PROMO005,2025-06-04 21:04:02,LN20250604000008,1
C00004759,PROMO009,2025-03-13 22:20:09,LN20250313000006,1
C00004140,PROMO005,2025-01-17 17:28:56,LN20250117000002,1
C00004140,PROMO008,2025-03-13 20:49:52,LN20250313000007,1
C00008341,PROMO003,2025-05-20 22:22:12,LN20250520000004,1
C00009533,PROMO010,2025-04-26 22:37:43,LN20250426000001,1
C00006582,PROMO001,2025-05-10 19:58:17,LN20250510000004,1
C00001564,PROMO006,2025-03-20 21:21:14,LN20250320000004,1
C00008600,PROMO015,2025-05-11 15:10:37,LN20250511000008,1
C00008600,PROMO005,2025-04-19 13:03:33,LN20250419000005,1
C00000278,PROMO011,2025-03-11 11:33:53,LN20250311000007,1
C00004730,PROMO007,2025-03-08 22:43:25,LN20250308000008,1
C00006037,PROMO008,2025-06-18 20:30:10,LN20250618000004,1
C00006037,PROMO008,2025-06-17 00:15:30,LN20250617000011,1
C00000335,PROMO007,2025-03-08 14:39:10,LN20250308000009,1
C00005251,PROMO010,2025-02-23 18:24:54,LN20250223000015,1
C00005251,PROMO013,2025-03-13 22:38:58,LN20250313000008,1
C00005251,PROMO014,2025-04-04 18:37:44,LN20250404000007,1
C00001633,PROMO011,2025-06-24 16:46:23,LN20250624000009,1
C00006711,PROMO004,2025-06-17 09:05:55,LN20250617000012,1
C00006899,PROMO007,2025-05-19 17:29:54,LN20250519000006,1
C00003404,PROMO013,2025-03-13 21:11:31,LN20250313000009,1
C00007122,PROMO006,2025-06-21 12:35:16,LN20250621000009,1
C00006103,PROMO013,2025-05-29 15:10:44,LN20250529000007,1
C00009646,PROMO006,2025-02-06 07:06:00,LN20250206000004,1
C00002660,PROMO008,2025-05-03 00:17:55,LN20250503000007,1
C00002287,PROMO013,2025-03-21 17:36:12,LN20250321000011,1
C00004104,PROMO003,2025-02-26 07:19:15,LN20250226000009,1
C00004104,PROMO006,2025-02-14 14:54:25,LN20250214000017,1
C00008014,PROMO006,2025-03-17 21:58:47,LN20250317000013,1
C00006750,PROMO009,2025-03-22 14:59:01,LN20250322000007,1
C00004609,PROMO005,2025-06-09 20:03:09,LN20250609000001,1
C00000487,PROMO001,2025-06-22 12:51:27,LN20250622000006,1
C00006163,PROMO011,2025-06-28 20:12:41,LN20250628000003,1
C00006163,PROMO001,2025-05-26 22:43:44,LN20250526000012,1
C00007259,PROMO006,2025-03-30 07:10:07,LN20250330000004,1
C00007259,PROMO011,2025-03-19 10:39:21,LN20250319000006,1
C00002731,PROMO013,2025-02-01 12:09:09,LN20250201000006,1
C00009750,PROMO001,2025-05-05 14:28:21,LN20250505000004,1
C00009270,PROMO011,2025-05-21 20:49:56,LN20250521000005,1
C00000616,PROMO004,2025-03-04 12:33:23,LN20250304000017,1
C00001641,PROMO013,2025-01-22 17:37:29,LN20250122000003,1
C00003695,PROMO015,2025-05-25 19:46:10,LN20250525000007,1
C00001405,PROMO006,2025-03-11 22:20:43,LN20250311000008,1
C00004004,PROMO014,2025-04-02 23:46:11,LN20250402000008,1
C00002667,PROMO014,2025-06-28 21:07:08,LN20250628000004,1
C00000672,PROMO003,2025-02-22 18:37:37,LN20250222000013,1
C00002206,PROMO001,2025-03-13 12:28:50,LN20250313000011,1
C00000622,PROMO004,2025-05-27 19:44:45,LN20250527000007,1
C00000622,PROMO015,2025-05-07 08:08:41,LN20250507000006,1
C00001472,PROMO009,2025-03-24 22:59:04,LN20250324000009,1
C00007195,PROMO001,2025-04-19 23:46:09,LN20250419000007,1
C00007589,PROMO001,2025-02-12 15:38:55,LN20250212000012,1
C00002152,PROMO014,2025-02-21 13:24:34,LN20250221000012,1
C00002152,PROMO006,2025-02-21 21:50:06,LN20250221000013,1
C00002152,PROMO004,2025-03-06 00:15:34,LN20250306000013,1
C00008477,PROMO003,2025-03-07 14:05:26,LN20250307000015,1
C00009272,PROMO001,2025-02-18 10:55:50,LN20250218000012,1
C00006730,PROMO003,2025-03-17 21:31:31,LN20250317000015,1
C00004698,PROMO006,2025-02-16 11:40:43,LN20250216000012,1
C00005333,PROMO015,2025-03-11 18:06:06,LN20250311000010,1
C00007804,PROMO011,2025-04-05 01:37:27,LN20250405000008,1
C00001881,PROMO011,2025-04-14 22:30:15,LN20250414000004,1
C00004682,PROMO005,2025-03-24 13:21:46,LN20250324000010,1
C00007433,PROMO015,2025-06-17 12:36:13,LN20250617000013,1
C00007433,PROMO003,2025-06-16 13:12:59,LN20250616000008,1
C00007433,PROMO003,2025-05-13 22:20:41,LN20250513000008,1
C00006059,PROMO008,2025-04-25 13:26:12,LN20250425000005,1
C00001815,PROMO011,2025-01-29 22:10:56,LN20250129000006,1
C00008102,PROMO015,2025-02-21 20:29:51,LN20250221000014,1
C00002418,PROMO005,2025-06-05 21:53:10,LN20250605000007,1
C00006693,PROMO015,2025-04-26 22:27:25,LN20250426000003,1
C00009619,PROMO001,2025-02-13 20:03:05,LN20250213000014,1
C00003127,PROMO002,2025-02-22 22:19:10,LN20250222000014,1
C00005534,PROMO009,2025-03-10 11:46:13,LN20250310000013,1
C00005534,PROMO015,2025-03-05 09:03:32,LN20250305000008,1
C00005534,PROMO010,2025-03-17 18:27:28,LN20250317000017,1
C00003615,PROMO009,2025-02-06 17:30:41,LN20250206000007,1
C00002663,PROMO001,2025-05-23 22:28:54,LN20250523000011,1
C00008764,PROMO013,2025-02-11 02:43:34,LN20250211000009,1
C00001644,PROMO014,2025-04-07 06:55:37,LN20250407000007,1
C00001879,PROMO011,2025-03-16 12:22:24,LN20250316000007,1
C00009390,PROMO012,2025-03-19 13:39:22,LN20250319000009,1
C00009010,PROMO011,2025-03-16 13:48:43,LN20250316000008,1
C00001824,PROMO012,2025-06-15 19:07:29,LN20250615000011,1
C00004243,PROMO003,2025-02-12 15:01:41,LN20250212000016,1
C00002859,PROMO003,2025-05-15 22:47:39,LN20250515000011,1
C00002859,PROMO003,2025-04-29 12:38:11,LN20250429000005,1
C00008440,PROMO002,2025-06-27 12:06:10,LN20250627000005,1
C00000785,PROMO010,2025-05-07 09:48:32,LN20250507000010,1
C00002109,PROMO009,2025-02-06 17:39:36,LN20250206000008,1
C00006905,PROMO014,2025-05-21 22:29:47,LN20250521000006,1
C00003348,PROMO001,2025-03-22 12:38:34,LN20250322000009,1
C00005291,PROMO002,2025-02-24 12:35:12,LN20250224000017,1
C00009968,PROMO005,2025-04-17 22:09:16,LN20250417000009,1
C00001304,PROMO002,2025-05-12 12:06:47,LN20250512000009,1
C00006170,PROMO015,2025-06-15 20:42:53,LN20250615000013,1
C00007188,PROMO004,2025-04-11 13:17:05,LN20250411000009,1
C00006280,PROMO005,2025-05-27 22:39:51,LN20250527000009,1
C00006280,PROMO003,2025-06-23 20:02:57,LN20250623000005,1
C00001449,PROMO010,2025-01-30 07:06:34,LN20250130000008,1
C00001449,PROMO005,2025-02-12 13:57:19,LN20250212000017,1
C00006198,PROMO002,2025-05-22 13:01:06,LN20250522000009,1
C00006198,PROMO008,2025-05-16 17:03:25,LN20250516000009,1
C00007629,PROMO004,2025-02-24 23:15:37,LN20250224000018,1
C00001441,PROMO015,2025-03-07 23:22:09,LN20250307000017,1
C00004945,PROMO005,2025-03-27 22:06:02,LN20250327000015,1
C00007556,PROMO011,2025-06-18 21:01:20,LN20250618000005,1
C00003832,PROMO012,2025-03-25 22:11:02,LN20250325000005,1
C00006645,PROMO004,2025-02-05 20:17:58,LN20250205000010,1
C00004376,PROMO011,2025-03-26 21:31:40,LN20250326000009,1
C00008535,PROMO013,2025-02-19 17:21:25,LN20250219000013,1
C00008535,PROMO014,2025-01-13 17:22:21,LN20250113000002,1
C00002367,PROMO010,2025-01-29 17:39:03,LN20250129000007,1
C00009764,PROMO001,2025-05-13 13:40:12,LN20250513000010,1
C00002997,PROMO009,2025-03-18 20:13:18,LN20250318000012,1
C00008613,PROMO003,2025-05-09 16:23:41,LN20250509000004,1
C00001160,PROMO001,2025-02-04 13:33:50,LN20250204000010,1
C00000949,PROMO005,2025-04-19 15:38:02,LN20250419000009,1
C00000628,PROMO013,2025-04-04 20:29:25,LN20250404000010,1
C00003044,PROMO008,2025-03-04 13:37:03,LN20250304000019,1
C00003482,PROMO007,2025-05-31 13:37:30,LN20250531000009,1
C00001391,PROMO002,2025-03-31 21:44:02,LN20250331000008,1
C00006261,PROMO013,2025-05-20 21:42:53,LN20250520000005,1
C00003442,PROMO012,2025-05-10 07:19:52,LN20250510000008,1
C00003279,PROMO006,2025-06-14 10:04:02,LN20250614000010,1
C00000062,PROMO009,2025-03-07 20:30:49,LN20250307000019,1
C00008128,PROMO005,2025-05-24 12:45:14,LN20250524000009,1
C00006755,PROMO009,2025-06-01 22:27:33,LN20250601000010,1
C00002462,PROMO001,2025-03-05 20:01:45,LN20250305000009,1
C00005579,PROMO002,2025-06-06 21:46:34,LN20250606000005,1
C00002167,PROMO014,2025-04-06 22:24:50,LN20250406000008,1
C00000930,PROMO011,2025-02-14 15:41:21,LN20250214000023,1
C00006228,PROMO011,2025-05-28 11:51:20,LN20250528000010,1
C00004158,PROMO003,2025-05-25 12:18:13,LN20250525000008,1
C00000248,PROMO012,2025-06-01 13:14:16,LN20250601000011,1
C00007625,PROMO013,2025-04-13 13:58:42,LN20250413000006,1
C00007625,PROMO004,2025-06-04 06:18:18,LN20250604000012,1
C00009623,PROMO010,2025-05-17 17:20:13,LN20250517000016,1
C00008362,PROMO010,2025-02-03 09:51:49,LN20250203000010,1
C00002591,PROMO002,2025-03-17 22:37:10,LN20250317000021,1
C00008672,PROMO006,2025-02-10 07:35:55,LN20250210000010,1
C00006141,PROMO014,2025-03-08 16:41:42,LN20250308000014,1
C00000976,PROMO003,2025-04-01 21:02:05,LN20250401000007,1
C00006073,PROMO003,2025-05-30 20:29:34,LN20250530000009,1
C00006073,PROMO004,2025-05-07 15:59:20,LN20250507000013,1
C00006073,PROMO007,2025-05-27 00:53:39,LN20250527000010,1
C00007017,PROMO006,2025-03-19 11:41:28,LN20250319000013,1
C00007678,PROMO015,2025-05-11 12:13:02,LN20250511000014,1
C00007678,PROMO008,2025-06-09 21:28:33,LN20250609000002,1
C00005432,PROMO013,2025-03-02 13:28:27,LN20250302000012,1
C00005481,PROMO011,2025-05-16 12:25:00,LN20250516000011,1
C00006020,PROMO006,2025-03-03 12:55:50,LN20250303000015,1
C00006012,PROMO015,2025-03-11 20:56:23,LN20250311000013,1
C00006012,PROMO011,2025-04-03 13:04:38,LN20250403000005,1
C00001527,PROMO009,2025-05-18 17:54:16,LN20250518000007,1
C00001984,PROMO015,2025-03-20 08:21:28,LN20250320000007,1
C00005408,PROMO011,2025-03-01 18:38:49,LN20250301000015,1
C00004537,PROMO003,2025-04-07 13:06:02,LN20250407000010,1
C00002822,PROMO005,2025-05-07 12:25:18,LN20250507000014,1
C00002822,PROMO011,2025-06-16 12:16:46,LN20250616000013,1
C00004410,PROMO001,2025-02-25 12:28:22,LN20250225000014,1
C00003650,PROMO011,2025-02-20 11:34:29,LN20250220000017,1
C00006918,PROMO008,2025-03-09 23:34:59,LN20250309000016,1
C00002870,PROMO010,2025-06-15 13:48:36,LN20250615000016,1
C00004204,PROMO001,2025-06-13 22:11:44,LN20250613000008,1
C00007444,PROMO002,2025-03-20 09:14:25,LN20250320000008,1
C00008847,PROMO003,2025-05-15 13:40:57,LN20250515000013,1
C00007093,PROMO015,2025-03-02 17:56:11,LN20250302000015,1
C00001194,PROMO010,2025-06-22 21:44:45,LN20250622000011,1
C00007563,PROMO015,2025-03-13 13:37:51,LN20250313000018,1
C00004329,PROMO015,2025-04-17 13:24:49,LN20250417000011,1
C00004130,PROMO006,2025-03-04 22:52:20,LN20250304000021,1
C00001531,PROMO002,2025-03-06 06:49:20,LN20250306000018,1
C00004477,PROMO006,2025-06-20 12:11:15,LN20250620000010,1
C00009951,PROMO014,2025-05-08 20:00:43,LN20250508000010,1
C00009951,PROMO006,2025-06-02 12:20:16,LN20250602000005,1
C00009762,PROMO001,2025-03-31 19:43:34,LN20250331000009,1
C00009223,PROMO007,2025-06-20 13:15:12,LN20250620000011,1
C00009223,PROMO005,2025-05-16 17:07:33,LN20250516000012,1
C00009517,PROMO011,2025-05-08 12:09:56,LN20250508000011,1
C00009934,PROMO002,2025-05-30 20:40:00,LN20250530000011,1
C00009709,PROMO004,2025-04-21 22:11:08,LN20250421000010,1
C00004651,PROMO011,2025-02-02 11:06:33,LN20250202000005,1
C00008201,PROMO011,2025-04-02 21:05:59,LN20250402000014,1
C00007945,PROMO008,2025-06-12 12:41:50,LN20250612000018,1
C00009780,PROMO012,2025-03-22 22:41:03,LN20250322000013,1
C00006713,PROMO006,2025-06-14 13:14:14,LN20250614000011,1
C00009559,PROMO005,2025-04-06 10:32:08,LN20250406000011,1
C00006676,PROMO006,2025-04-27 02:49:30,LN20250427000009,1
C00005105,PROMO002,2025-01-30 17:21:33,LN20250130000010,1
C00000571,PROMO008,2025-02-13 20:08:23,LN20250213000022,1
C00003635,PROMO007,2025-03-07 10:01:02,LN20250307000023,1
C00005765,PROMO013,2025-02-06 20:46:31,LN20250206000012,1
C00005554,PROMO001,2025-02-19 21:07:22,LN20250219000018,1
C00007838,PROMO001,2025-03-08 18:12:51,LN20250308000022,1
C00007838,PROMO015,2025-04-01 23:23:42,LN20250401000008,1
C00008998,PROMO013,2025-02-28 20:38:31,LN20250228000022,1
C00002491,PROMO011,2025-03-09 22:19:45,LN20250309000019,1
C00006617,PROMO010,2025-03-30 12:18:07,LN20250330000007,1
C00005409,PROMO007,2025-03-01 21:54:15,LN20250301000020,1
C00002645,PROMO010,2025-03-11 12:33:58,LN20250311000015,1
C00006636,PROMO004,2025-03-13 20:30:11,LN20250313000023,1
C00008885,PROMO010,2025-01-26 19:05:04,LN20250126000003,1
C00002121,PROMO001,2025-02-28 20:17:41,LN20250228000023,1
C00001863,PROMO010,2025-02-23 22:47:02,LN20250223000022,1
C00009326,PROMO013,2025-02-05 20:32:54,LN20250205000013,1
C00007269,PROMO004,2025-02-17 20:47:36,LN20250217000015,1
C00002882,PROMO008,2025-06-13 20:07:29,LN20250613000009,1
C00005767,PROMO003,2025-03-05 12:56:39,LN20250305000015,1
C00007573,PROMO009,2025-03-11 13:48:42,LN20250311000016,1
C00007006,PROMO004,2025-03-24 22:00:49,LN20250324000016,1
C00005331,PROMO002,2025-04-15 19:57:35,LN20250415000006,1
C00009294,PROMO001,2025-02-15 13:48:54,LN20250215000023,1
C00004470,PROMO009,2025-04-16 12:52:06,LN20250416000007,1
C00002867,PROMO008,2025-05-04 22:41:34,LN20250504000011,1
C00005856,PROMO006,2025-03-22 23:32:57,LN20250322000015,1
C00008751,PROMO006,2025-02-11 20:59:56,LN20250211000014,1
C00005804,PROMO012,2025-04-08 21:31:20,LN20250408000011,1
C00009907,PROMO015,2025-04-05 19:30:08,LN20250405000013,1
C00009907,PROMO003,2025-03-01 23:51:03,LN20250301000022,1
C00002556,PROMO012,2025-06-10 21:21:09,LN20250610000009,1
C00002556,PROMO004,2025-05-07 13:12:30,LN20250507000017,1
C00005398,PROMO012,2025-02-09 21:52:26,LN20250209000014,1
C00002748,PROMO003,2025-04-12 20:17:39,LN20250412000009,1
C00003758,PROMO003,2025-03-12 22:43:48,LN20250312000022,1
C00007726,PROMO005,2025-06-29 22:08:53,LN20250629000007,1
C00000974,PROMO004,2025-01-30 22:53:23,LN20250130000012,1
C00009229,PROMO002,2025-03-21 22:58:50,LN20250321000021,1
C00001968,PROMO015,2025-02-07 22:39:58,LN20250207000018,1
C00001968,PROMO008,2025-02-04 15:27:57,LN20250204000013,1
C00001968,PROMO013,2025-01-27 12:12:54,LN20250127000004,1
C00003933,PROMO007,2025-02-27 13:58:34,LN20250227000017,1
C00004095,PROMO001,2025-05-21 23:24:01,LN20250521000011,1
C00005555,PROMO003,2025-05-07 22:55:31,LN20250507000018,1
C00001631,PROMO004,2025-03-13 20:32:11,LN20250313000025,1
C00006470,PROMO009,2025-02-03 13:58:07,LN20250203000012,1
C00006316,PROMO008,2025-05-17 20:23:09,LN20250517000021,1
C00005392,PROMO013,2025-06-29 11:12:15,LN20250629000008,1
C00001664,PROMO003,2025-03-29 13:32:01,LN20250329000011,1
C00001112,PROMO005,2025-04-13 22:18:35,LN20250413000010,1
C00008866,PROMO005,2025-06-19 07:50:25,LN20250619000013,1
C00008214,PROMO009,2025-03-18 20:31:06,LN20250318000015,1
C00005971,PROMO005,2025-01-25 12:49:04,LN20250125000009,1
C00000790,PROMO001,2025-05-29 06:53:39,LN20250529000015,1
C00003870,PROMO013,2025-01-20 13:58:44,LN20250120000005,1
C00004190,PROMO011,2025-04-27 13:33:46,LN20250427000010,1
C00004964,PROMO002,2025-06-12 22:15:55,LN20250612000020,1
C00003861,PROMO008,2025-03-23 20:34:22,LN20250323000013,1
C00009946,PROMO009,2025-04-15 21:10:04,LN20250415000009,1
C00005068,PROMO008,2025-04-19 22:35:51,LN20250419000011,1
C00008064,PROMO014,2025-04-06 20:13:35,LN20250406000012,1
C00008458,PROMO009,2025-02-08 13:42:05,LN20250208000012,1
C00008458,PROMO006,2025-01-31 20:48:02,LN20250131000013,1
C00001462,PROMO003,2025-01-28 12:10:56,LN20250128000010,1
C00004858,PROMO004,2025-02-12 20:36:12,LN20250212000025,1
C00001344,PROMO003,2025-02-17 20:06:28,LN20250217000017,1
C00006737,PROMO002,2025-02-09 22:24:06,LN20250209000016,1
C00002709,PROMO013,2025-02-21 01:34:56,LN20250221000021,1
C00000349,PROMO009,2025-02-17 22:12:37,LN20250217000018,1
C00004687,PROMO014,2025-02-08 12:37:39,LN20250208000014,1
C00001507,PROMO012,2025-04-24 19:17:49,LN20250424000009,1
C00006229,PROMO009,2025-03-04 21:51:45,LN20250304000025,1
C00001361,PROMO011,2025-02-15 21:58:44,LN20250215000026,1
C00002829,PROMO007,2025-03-22 20:42:52,LN20250322000021,1
C00005999,PROMO002,2025-06-20 12:25:16,LN20250620000014,1
C00009862,PROMO008,2025-06-09 15:27:19,LN20250609000008,1
C00009996,PROMO004,2025-03-24 15:26:43,LN20250324000017,1
C00006629,PROMO010,2025-02-16 06:12:13,LN20250216000018,1
C00000676,PROMO007,2025-06-29 21:55:54,LN20250629000009,1
C00000676,PROMO002,2025-06-14 20:31:22,LN20250614000012,1
C00000271,PROMO008,2025-01-31 20:04:52,LN20250131000014,1
C00009576,PROMO010,2025-05-02 21:54:55,LN20250502000009,1
C00000012,PROMO014,2025-02-23 21:30:54,LN20250223000024,1
C00004123,PROMO014,2025-06-01 20:18:19,LN20250601000012,1
C00007054,PROMO012,2025-02-07 16:59:13,LN20250207000019,1
C00006145,PROMO007,2025-06-30 10:22:17,LN20250630000009,1
C00006777,PROMO015,2025-05-22 13:07:49,LN20250522000016,1
C00001642,PROMO014,2025-04-11 21:21:28,LN20250411000011,1
C00006916,PROMO004,2025-04-04 22:56:48,LN20250404000018,1
C00006916,PROMO014,2025-03-29 18:25:34,LN20250329000012,1
C00000968,PROMO015,2025-02-27 21:24:50,LN20250227000023,1
C00000615,PROMO001,2025-06-18 15:56:47,LN20250618000007,1
C00003409,PROMO009,2025-06-19 12:59:08,LN20250619000015,1
C00002478,PROMO003,2025-03-08 22:17:30,LN20250308000025,1
C00009157,PROMO002,2025-03-09 13:18:33,LN20250309000022,1
C00008196,PROMO005,2025-05-31 22:19:11,LN20250531000011,1
C00007397,PROMO015,2025-06-22 20:36:42,LN20250622000013,1
C00007774,PROMO006,2025-03-22 01:59:36,LN20250322000023,1
C00008080,PROMO005,2025-05-24 09:36:39,LN20250524000016,1
C00006451,PROMO002,2025-04-13 11:30:20,LN20250413000012,1
C00003112,PROMO004,2025-04-19 15:19:36,LN20250419000013,1
C00000822,PROMO003,2025-03-27 09:17:29,LN20250327000025,1
C00009048,PROMO006,2025-04-18 20:38:57,LN20250418000010,1
C00009541,PROMO011,2025-03-29 12:56:59,LN20250329000013,1
C00008466,PROMO009,2025-01-22 20:42:34,LN20250122000005,1
C00006179,PROMO012,2025-03-13 15:48:23,LN20250313000029,1
C00008518,PROMO004,2025-03-05 20:38:05,LN20250305000018,1
C00006612,PROMO010,2025-02-22 15:55:06,LN20250222000022,1
C00006612,PROMO010,2025-02-24 11:38:52,LN20250224000028,1
C00005540,PROMO005,2025-04-26 10:28:50,LN20250426000006,1
C00005540,PROMO005,2025-04-22 13:47:35,LN20250422000012,1
C00006965,PROMO001,2025-05-25 21:18:23,LN20250525000012,1
C00002828,PROMO003,2025-01-18 10:41:35,LN20250118000007,1
C00000798,PROMO015,2025-04-01 13:08:24,LN20250401000010,1
C00001891,PROMO006,2025-02-17 20:00:15,LN20250217000020,1
C00009884,PROMO011,2025-02-12 00:49:45,LN20250212000027,1
C00001025,PROMO010,2025-04-28 15:28:22,LN20250428000009,1
C00009661,PROMO003,2025-05-05 08:18:14,LN20250505000006,1
C00001796,PROMO005,2025-05-11 20:56:37,LN20250511000020,1
C00008843,PROMO004,2025-03-17 20:22:56,LN20250317000030,1
C00002681,PROMO003,2025-03-17 21:43:39,LN20250317000031,1
C00006917,PROMO015,2025-02-02 18:37:34,LN20250202000008,1
C00002534,PROMO010,2025-05-21 20:37:20,LN20250521000014,1
C00009005,PROMO004,2025-02-02 17:08:52,LN20250202000010,1
C00009350,PROMO003,2025-02-06 10:40:21,LN20250206000017,1
C00002355,PROMO006,2025-06-16 12:10:30,LN20250616000015,1
C00007633,PROMO008,2025-06-24 12:35:09,LN20250624000013,1
C00002397,PROMO001,2025-03-31 17:08:10,LN20250331000014,1
C00000813,PROMO004,2025-06-18 13:37:21,LN20250618000009,1
C00004427,PROMO002,2025-03-20 17:01:38,LN20250320000014,1
C00008852,PROMO001,2025-03-31 13:09:37,LN20250331000015,1
C00008852,PROMO007,2025-03-17 22:33:22,LN20250317000032,1
C00008130,PROMO012,2025-02-24 21:56:49,LN20250224000030,1
C00009074,PROMO003,2025-03-09 12:54:46,LN20250309000027,1
C00008846,PROMO012,2025-03-09 17:31:50,LN20250309000028,1
C00001028,PROMO010,2025-04-25 12:12:33,LN20250425000010,1
C00007913,PROMO013,2025-01-29 19:09:26,LN20250129000011,1
C00006985,PROMO011,2025-03-14 12:35:51,LN20250314000022,1
C00006542,PROMO015,2025-02-17 20:06:00,LN20250217000021,1
C00003192,PROMO008,2025-04-07 21:40:22,LN20250407000013,1
C00008012,PROMO015,2025-03-29 15:59:09,LN20250329000014,1
C00008012,PROMO004,2025-04-15 22:40:23,LN20250415000013,1
C00003544,PROMO005,2025-01-31 08:01:12,LN20250131000015,1
C00007732,PROMO012,2025-04-30 17:19:46,LN20250430000015,1
C00009281,PROMO015,2025-06-07 22:55:35,LN20250607000014,1
C00004442,PROMO001,2025-06-29 13:02:36,LN20250629000012,1
C00004442,PROMO014,2025-05-17 21:17:01,LN20250517000023,1
C00001484,PROMO015,2025-03-19 15:14:23,LN20250319000020,1
C00005571,PROMO015,2025-04-15 21:30:19,LN20250415000014,1
C00005571,PROMO007,2025-04-21 19:57:21,LN20250421000014,1
C00006224,PROMO009,2025-02-16 16:18:13,LN20250216000019,1
C00006860,PROMO008,2025-06-20 08:23:01,LN20250620000015,1
C00006860,PROMO004,2025-06-30 20:06:00,LN20250630000011,1
C00001275,PROMO002,2025-06-19 13:34:06,LN20250619000016,1
C00003734,PROMO006,2025-04-20 22:39:09,LN20250420000013,1
C00000402,PROMO010,2025-06-20 21:27:34,LN20250620000016,1
C00007552,PROMO005,2025-03-06 12:36:22,LN20250306000031,1
C00000730,PROMO015,2025-05-23 22:50:48,LN20250523000021,1
C00000143,PROMO013,2025-03-28 20:39:48,LN20250328000018,1
C00005900,PROMO014,2025-03-04 19:47:32,LN20250304000032,1
C00006968,PROMO006,2025-05-16 16:12:42,LN20250516000015,1
C00006624,PROMO014,2025-03-10 21:19:51,LN20250310000030,1
C00009808,PROMO011,2025-05-28 13:34:26,LN20250528000014,1
C00008715,PROMO012,2025-03-12 21:12:39,LN20250312000029,1
C00002958,PROMO014,2025-05-22 07:06:05,LN20250522000018,1
C00008799,PROMO007,2025-05-19 16:13:08,LN20250519000018,1
C00008329,PROMO007,2025-02-23 13:18:13,LN20250223000030,1
C00005268,PROMO013,2025-03-02 13:07:13,LN20250302000022,1
C00007780,PROMO007,2025-04-04 08:34:11,LN20250404000023,1
C00006354,PROMO008,2025-02-09 22:41:37,LN20250209000017,1
C00002947,PROMO001,2025-05-26 20:49:22,LN20250526000026,1
C00000322,PROMO001,2025-03-07 06:01:32,LN20250307000035,1
C00000322,PROMO015,2025-02-14 22:39:04,LN20250214000032,1
C00002187,PROMO011,2025-04-15 16:31:53,LN20250415000015,1
C00008577,PROMO012,2025-02-18 09:25:28,LN20250218000019,1
C00001598,PROMO002,2025-02-25 22:03:17,LN20250225000017,1
C00001598,PROMO015,2025-03-06 10:20:11,LN20250306000032,1
C00003866,PROMO014,2025-03-03 13:49:57,LN20250303000025,1
C00009823,PROMO014,2025-04-03 22:11:00,LN20250403000009,1
C00009823,PROMO013,2025-04-11 12:42:48,LN20250411000013,1
C00000959,PROMO010,2025-06-16 21:56:31,LN20250616000017,1
C00002701,PROMO012,2025-04-17 12:32:39,LN20250417000015,1
C00000039,PROMO009,2025-02-13 21:14:40,LN20250213000032,1
C00008828,PROMO002,2025-06-22 21:33:20,LN20250622000017,1
C00001355,PROMO008,2025-06-15 19:24:39,LN20250615000020,1
C00002866,PROMO004,2025-06-19 14:20:29,LN20250619000018,1
C00001708,PROMO008,2025-05-27 09:41:30,LN20250527000017,1
C00005348,PROMO014,2025-03-26 16:59:23,LN20250326000018,1
C00000427,PROMO001,2025-06-22 07:06:02,LN20250622000018,1
C00006878,PROMO003,2025-03-28 12:58:40,LN20250328000021,1
C00002960,PROMO015,2025-02-11 14:01:57,LN20250211000019,1
C00009433,PROMO002,2025-05-18 13:27:24,LN20250518000012,1
C00001075,PROMO008,2025-02-03 15:32:16,LN20250203000013,1
C00008794,PROMO012,2025-06-12 22:41:43,LN20250612000025,1
C00000561,PROMO009,2025-03-21 15:08:46,LN20250321000026,1
C00000224,PROMO014,2025-02-18 12:32:32,LN20250218000020,1
C00004605,PROMO005,2025-06-09 12:16:16,LN20250609000014,1
C00005418,PROMO007,2025-05-19 18:11:51,LN20250519000022,1
C00007528,PROMO005,2025-03-30 12:43:27,LN20250330000012,1
C00001519,PROMO012,2025-06-07 21:45:39,LN20250607000016,1
C00007534,PROMO007,2025-02-20 21:04:45,LN20250220000028,1
C00003352,PROMO010,2025-03-01 22:45:53,LN20250301000031,1
C00000246,PROMO013,2025-06-21 13:16:48,LN20250621000018,1
C00005320,PROMO003,2025-03-13 22:22:08,LN20250313000034,1
C00004181,PROMO007,2025-03-25 12:28:48,LN20250325000012,1
C00002447,PROMO002,2025-04-04 21:55:40,LN20250404000024,1
C00009351,PROMO002,2025-02-01 09:47:30,LN20250201000016,1
C00006149,PROMO008,2025-04-13 06:12:17,LN20250413000014,1
C00009657,PROMO008,2025-02-22 11:05:57,LN20250222000029,1
C00005653,PROMO001,2025-01-20 14:53:50,LN20250120000008,1
C00002163,PROMO006,2025-05-08 22:47:02,LN20250508000020,1
C00003769,PROMO006,2025-03-13 18:17:30,LN20250313000035,1
C00000890,PROMO005,2025-02-16 09:04:19,LN20250216000021,1
C00001525,PROMO002,2025-03-29 21:49:37,LN20250329000016,1
C00001525,PROMO009,2025-03-12 18:12:18,LN20250312000031,1
C00009394,PROMO008,2025-05-05 12:39:07,LN20250505000008,1
C00006023,PROMO009,2025-06-30 22:10:25,LN20250630000014,1
C00004529,PROMO011,2025-02-17 16:24:42,LN20250217000023,1
C00000849,PROMO003,2025-04-18 06:14:03,LN20250418000015,1
C00000836,PROMO002,2025-03-07 01:52:13,LN20250307000040,1
C00005927,PROMO002,2025-03-30 15:34:52,LN20250330000013,1
C00004879,PROMO004,2025-05-21 22:50:35,LN20250521000019,1
C00004879,PROMO007,2025-05-12 13:18:38,LN20250512000019,1
C00005483,PROMO014,2025-03-04 20:46:12,LN20250304000037,1
C00005483,PROMO002,2025-02-10 17:50:09,LN20250210000018,1
C00009641,PROMO009,2025-05-09 21:13:25,LN20250509000009,1
C00004338,PROMO015,2025-03-11 01:28:37,LN20250311000024,1
C00009894,PROMO014,2025-01-29 19:46:44,LN20250129000012,1
C00008970,PROMO010,2025-04-19 01:22:10,LN20250419000016,1
C00005591,PROMO004,2025-02-15 20:14:55,LN20250215000035,1
C00001170,PROMO013,2025-04-12 17:38:51,LN20250412000015,1
C00006440,PROMO012,2025-02-28 21:08:53,LN20250228000032,1
C00007654,PROMO004,2025-03-30 15:32:30,LN20250330000016,1
C00005189,PROMO003,2025-06-21 12:46:47,LN20250621000019,1
C00005446,PROMO009,2025-01-27 12:25:52,LN20250127000011,1
C00006786,PROMO012,2025-06-07 15:06:46,LN20250607000017,1
C00001713,PROMO015,2025-05-31 12:52:16,LN20250531000015,1
C00001713,PROMO005,2025-05-19 20:24:54,LN20250519000024,1
C00003925,PROMO005,2025-02-26 22:55:17,LN20250226000026,1
C00002732,PROMO014,2025-05-29 08:50:53,LN20250529000020,1
C00008306,PROMO002,2025-03-17 14:35:33,LN20250317000037,1
C00009305,PROMO010,2025-04-19 21:23:39,LN20250419000018,1
C00004826,PROMO003,2025-02-14 18:03:34,LN20250214000035,1
C00006714,PROMO004,2025-03-13 00:01:10,LN20250313000037,1
C00000643,PROMO011,2025-02-12 13:08:11,LN20250212000031,1
C00006869,PROMO014,2025-05-16 12:25:25,LN20250516000019,1
C00005556,PROMO015,2025-02-21 20:02:40,LN20250221000031,1
C00009320,PROMO012,2025-02-17 19:06:50,LN20250217000025,1
C00000415,PROMO013,2025-04-17 10:40:28,LN20250417000017,1
C00001149,PROMO006,2025-04-21 12:06:35,LN20250421000018,1
C00000692,PROMO011,2025-05-18 15:57:29,LN20250518000016,1
C00000659,PROMO003,2025-04-06 13:03:22,LN20250406000016,1
C00001698,PROMO010,2025-05-24 13:00:04,LN20250524000020,1
C00007000,PROMO015,2025-03-16 07:03:37,LN20250316000024,1
C00008097,PROMO015,2025-06-03 13:09:20,LN20250603000014,1
C00000981,PROMO001,2025-04-27 07:22:23,LN20250427000012,1
C00001105,PROMO006,2025-01-17 21:08:44,LN20250117000009,1
C00008109,PROMO010,2025-01-30 13:55:00,LN20250130000015,1
C00008075,PROMO009,2025-02-13 13:53:27,LN20250213000035,1
C00009160,PROMO005,2025-05-10 12:14:39,LN20250510000016,1
C00004981,PROMO002,2025-03-17 02:56:19,LN20250317000038,1
C00002452,PROMO001,2025-06-15 22:59:03,LN20250615000024,1
C00008247,PROMO010,2025-05-05 18:19:44,LN20250505000011,1
C00008167,PROMO001,2025-06-07 21:40:14,LN20250607000018,1
C00007227,PROMO014,2025-05-29 17:08:13,LN20250529000021,1
C00005560,PROMO010,2025-02-16 17:38:19,LN20250216000024,1
C00003656,PROMO006,2025-03-12 20:11:18,LN20250312000035,1
C00000548,PROMO007,2025-02-24 15:20:38,LN20250224000038,1
C00000599,PROMO015,2025-05-04 21:33:20,LN20250504000015,1
C00000815,PROMO009,2025-02-08 20:02:27,LN20250208000017,1
C00003580,PROMO012,2025-06-10 18:30:42,LN20250610000016,1
C00003580,PROMO008,2025-05-31 22:18:34,LN20250531000017,1
C00002151,PROMO005,2025-06-22 12:10:23,LN20250622000022,1
C00008719,PROMO002,2025-03-14 12:20:48,LN20250314000028,1
C00006117,PROMO003,2025-03-12 18:14:38,LN20250312000036,1
C00001883,PROMO004,2025-06-15 21:39:19,LN20250615000027,1
C00001883,PROMO005,2025-06-06 11:38:17,LN20250606000010,1
C00009230,PROMO006,2025-05-07 13:49:01,LN20250507000027,1
C00005855,PROMO005,2025-02-26 20:08:44,LN20250226000028,1
C00009432,PROMO011,2025-06-30 17:08:54,LN20250630000017,1
C00006174,PROMO007,2025-02-01 17:45:38,LN20250201000019,1
C00004864,PROMO001,2025-01-19 20:34:10,LN20250119000001,1
C00007014,PROMO013,2025-03-28 21:57:32,LN20250328000024,1
C00007014,PROMO005,2025-03-29 15:23:57,LN20250329000019,1
C00003389,PROMO008,2025-06-22 13:15:36,LN20250622000023,1
C00005220,PROMO002,2025-05-11 21:47:40,LN20250511000026,1
C00003776,PROMO010,2025-04-13 12:57:57,LN20250413000015,1
C00005262,PROMO011,2025-03-15 18:18:43,LN20250315000016,1
C00001594,PROMO012,2025-02-25 08:03:31,LN20250225000024,1
C00005280,PROMO002,2025-06-29 20:58:19,LN20250629000013,1
C00000295,PROMO014,2025-05-08 22:50:51,LN20250508000025,1
C00004837,PROMO012,2025-04-03 21:35:28,LN20250403000018,1
C00005286,PROMO005,2025-06-13 13:20:04,LN20250613000016,1
C00003351,PROMO009,2025-05-12 19:59:24,LN20250512000020,1
C00006336,PROMO002,2025-02-10 08:38:30,LN20250210000021,1
C00000634,PROMO008,2025-02-04 14:33:31,LN20250204000020,1
C00000414,PROMO015,2025-04-11 21:28:20,LN20250411000017,1
C00007248,PROMO013,2025-02-03 13:43:13,LN20250203000018,1
C00009527,PROMO011,2025-02-03 20:19:02,LN20250203000019,1
C00009527,PROMO010,2025-02-28 09:08:04,LN20250228000034,1
C00001721,PROMO014,2025-05-06 18:21:39,LN20250506000011,1
C00001721,PROMO001,2025-04-05 22:11:23,LN20250405000017,1
C00006458,PROMO008,2025-06-25 20:18:19,LN20250625000016,1
C00007142,PROMO001,2025-05-11 12:04:17,LN20250511000027,1
C00007142,PROMO002,2025-05-15 20:28:20,LN20250515000023,1
C00004188,PROMO005,2025-05-26 22:32:46,LN20250526000029,1
C00007577,PROMO008,2025-03-31 22:47:56,LN20250331000025,1
C00005148,PROMO007,2025-06-07 18:53:05,LN20250607000020,1
C00002509,PROMO010,2025-05-12 11:32:05,LN20250512000021,1
C00004209,PROMO009,2025-01-27 19:26:55,LN20250127000013,1
C00009725,PROMO012,2025-04-14 13:30:15,LN20250414000013,1
C00001818,PROMO006,2025-04-27 02:03:53,LN20250427000014,1
C00006923,PROMO015,2025-05-10 08:48:50,LN20250510000017,1
C00000985,PROMO002,2025-02-04 20:33:42,LN20250204000022,1
C00002757,PROMO005,2025-04-02 10:40:20,LN20250402000023,1
C00002757,PROMO013,2025-04-01 12:19:45,LN20250401000013,1
C00000049,PROMO009,2025-06-10 23:11:59,LN20250610000017,1
C00007914,PROMO008,2025-05-05 20:34:41,LN20250505000015,1
C00007914,PROMO011,2025-05-17 12:30:07,LN20250517000030,1
C00007856,PROMO009,2025-05-06 10:57:07,LN20250506000013,1
C00007856,PROMO004,2025-05-04 12:12:25,LN20250504000018,1
C00004452,PROMO011,2025-03-05 12:06:06,LN20250305000024,1
C00003957,PROMO003,2025-05-31 17:55:43,LN20250531000020,1
C00003957,PROMO014,2025-04-20 22:43:31,LN20250420000018,1
C00005101,PROMO005,2025-05-08 18:41:24,LN20250508000026,1
C00005101,PROMO007,2025-04-17 14:01:20,LN20250417000020,1
C00007321,PROMO013,2025-04-28 22:19:33,LN20250428000018,1
C00001727,PROMO004,2025-06-02 12:53:16,LN20250602000018,1
C00002077,PROMO004,2025-02-22 10:17:41,LN20250222000034,1
C00008821,PROMO010,2025-04-02 22:57:41,LN20250402000024,1
C00004237,PROMO004,2025-03-09 14:17:17,LN20250309000033,1
C00008035,PROMO001,2025-03-19 13:29:20,LN20250319000024,1
C00006014,PROMO005,2025-05-10 20:29:46,LN20250510000019,1
C00000713,PROMO006,2025-02-16 13:16:50,LN20250216000026,1
C00002574,PROMO003,2025-03-20 13:03:42,LN20250320000025,1
C00001504,PROMO003,2025-03-10 13:47:46,LN20250310000037,1
C00006338,PROMO007,2025-03-09 01:14:09,LN20250309000034,1
C00003900,PROMO003,2025-04-07 22:30:07,LN20250407000018,1
C00008113,PROMO010,2025-05-23 02:07:52,LN20250523000024,1
C00006046,PROMO012,2025-03-24 22:10:40,LN20250324000024,1
C00006412,PROMO015,2025-05-11 22:42:45,LN20250511000029,1
C00009487,PROMO002,2025-05-15 13:44:05,LN20250515000026,1
C00009487,PROMO010,2025-06-03 21:10:37,LN20250603000018,1
C00003676,PROMO008,2025-06-05 22:29:10,LN20250605000022,1
C00003503,PROMO003,2025-03-18 22:17:50,LN20250318000024,1
C00002150,PROMO011,2025-03-15 02:38:37,LN20250315000020,1
C00002150,PROMO006,2025-02-20 14:08:21,LN20250220000035,1
C00004745,PROMO008,2025-05-07 22:47:46,LN20250507000031,1
C00004073,PROMO008,2025-04-30 17:50:24,LN20250430000018,1
C00009257,PROMO001,2025-06-05 12:29:37,LN20250605000023,1
C00005531,PROMO009,2025-04-28 06:14:53,LN20250428000019,1
C00005531,PROMO004,2025-04-10 22:27:02,LN20250410000007,1
C00005934,PROMO005,2025-03-19 01:49:27,LN20250319000025,1
C00006094,PROMO009,2025-06-04 08:17:58,LN20250604000025,1
C00000207,PROMO008,2025-01-23 21:37:07,LN20250123000008,1
C00000207,PROMO010,2025-03-01 20:32:20,LN20250301000040,1
C00003164,PROMO004,2025-06-06 12:34:50,LN20250606000014,1
C00006351,PROMO014,2025-05-16 12:23:35,LN20250516000023,1
C00000697,PROMO007,2025-03-17 12:21:04,LN20250317000041,1
C00005846,PROMO012,2025-01-12 22:58:16,LN20250112000004,1
C00004686,PROMO004,2025-04-26 10:46:09,LN20250426000014,1
C00005221,PROMO010,2025-02-21 12:19:28,LN20250221000038,1
C00000392,PROMO007,2025-04-28 20:07:34,LN20250428000020,1
C00006757,PROMO004,2025-03-11 20:25:27,LN20250311000032,1
C00001965,PROMO010,2025-06-12 15:34:48,LN20250612000028,1
C00000464,PROMO001,2025-06-03 21:09:28,LN20250603000020,1
C00000464,PROMO003,2025-06-11 15:20:43,LN20250611000016,1
C00003789,PROMO009,2025-02-02 22:35:08,LN20250202000017,1
C00004733,PROMO001,2025-03-06 07:08:08,LN20250306000041,1
C00000651,PROMO010,2025-02-11 16:21:03,LN20250211000027,1
C00003712,PROMO015,2025-03-22 19:43:01,LN20250322000029,1
C00003712,PROMO001,2025-04-03 15:36:35,LN20250403000019,1
C00006752,PROMO004,2025-03-23 20:07:04,LN20250323000020,1
C00001996,PROMO012,2025-03-06 18:48:06,LN20250306000042,1
C00005449,PROMO009,2025-06-30 13:06:39,LN20250630000019,1
C00005570,PROMO009,2025-06-24 12:58:58,LN20250624000019,1
C00005570,PROMO002,2025-06-18 07:43:42,LN20250618000020,1
C00007407,PROMO007,2025-04-04 13:36:59,LN20250404000030,1
C00000882,PROMO009,2025-03-11 12:36:02,LN20250311000034,1
C00005985,PROMO006,2025-05-14 19:50:40,LN20250514000017,1
C00003317,PROMO011,2025-03-31 18:02:51,LN20250331000028,1
C00003557,PROMO004,2025-04-02 13:21:14,LN20250402000026,1
C00006675,PROMO008,2025-05-07 10:05:21,LN20250507000032,1
C00005947,PROMO001,2025-03-01 21:49:54,LN20250301000042,1
C00002721,PROMO011,2025-02-20 08:35:36,LN20250220000038,1
C00002721,PROMO007,2025-01-29 08:45:20,LN20250129000016,1
C00003975,PROMO002,2025-02-13 16:24:54,LN20250213000045,1
C00009235,PROMO012,2025-02-14 22:33:52,LN20250214000040,1
C00000961,PROMO007,2025-04-05 21:14:08,LN20250405000020,1
C00000961,PROMO010,2025-03-13 06:30:18,LN20250313000042,1
C00004485,PROMO012,2025-06-02 13:53:08,LN20250602000020,1
C00002359,PROMO001,2025-06-20 21:45:01,LN20250620000018,1
C00009714,PROMO015,2025-05-14 12:43:43,LN20250514000018,1
C00002644,PROMO001,2025-02-21 21:45:38,LN20250221000040,1
C00005376,PROMO013,2025-05-23 12:55:44,LN20250523000027,1
C00002172,PROMO014,2025-06-27 22:31:56,LN20250627000022,1
C00004302,PROMO005,2025-06-04 21:00:18,LN20250604000027,1
C00008839,PROMO006,2025-04-13 09:37:23,LN20250413000017,1
C00008839,PROMO012,2025-04-11 12:34:55,LN20250411000019,1
C00006764,PROMO002,2025-05-10 11:57:23,LN20250510000021,1
C00003475,PROMO003,2025-01-21 06:34:53,LN20250121000011,1
C00003475,PROMO004,2025-02-01 16:10:10,LN20250201000022,1
C00004511,PROMO007,2025-03-14 21:49:54,LN20250314000038,1
C00001784,PROMO003,2025-05-24 20:13:29,LN20250524000023,1
C00002982,PROMO001,2025-02-19 20:37:10,LN20250219000032,1
C00000743,PROMO010,2025-04-28 15:08:58,LN20250428000021,1
C00006142,PROMO011,2025-02-24 11:12:21,LN20250224000044,1
C00002286,PROMO015,2025-03-17 19:52:10,LN20250317000043,1
C00002099,PROMO011,2025-03-13 13:11:03,LN20250313000049,1
C00001165,PROMO004,2025-05-22 09:38:04,LN20250522000026,1
C00000423,PROMO012,2025-02-13 16:31:35,LN20250213000046,1
C00007144,PROMO003,2025-05-13 20:20:59,LN20250513000019,1
C00006579,PROMO010,2025-03-20 21:18:53,LN20250320000031,1
C00009542,PROMO001,2025-02-26 13:48:01,LN20250226000034,1
C00003516,PROMO015,2025-02-25 21:14:22,LN20250225000031,1
C00000426,PROMO012,2025-05-21 12:20:05,LN20250521000024,1
C00000362,PROMO012,2025-03-08 18:34:26,LN20250308000041,1
C00006868,PROMO010,2025-03-24 17:38:53,LN20250324000027,1
C00003145,PROMO009,2025-06-17 20:32:24,LN20250617000020,1
C00003119,PROMO001,2025-03-02 12:09:55,LN20250302000028,1
C00003619,PROMO005,2025-03-04 21:10:47,LN20250304000046,1
C00003619,PROMO008,2025-03-11 11:03:12,LN20250311000035,1
C00002931,PROMO004,2025-02-24 10:45:08,LN20250224000046,1
C00008099,PROMO013,2025-02-23 08:36:02,LN20250223000040,1
C00001802,PROMO010,2025-01-14 21:25:12,LN20250114000005,1
C00002971,PROMO004,2025-03-25 16:10:20,LN20250325000017,1
C00006409,PROMO008,2025-03-24 13:24:20,LN20250324000029,1
C00008526,PROMO004,2025-03-05 12:14:19,LN20250305000028,1
C00007651,PROMO001,2025-06-13 13:44:56,LN20250613000019,1
C00007651,PROMO002,2025-06-12 21:34:20,LN20250612000031,1
C00007062,PROMO002,2025-02-25 22:14:39,LN20250225000032,1
C00007062,PROMO007,2025-02-19 17:08:03,LN20250219000034,1
C00003618,PROMO012,2025-04-14 12:07:08,LN20250414000018,1
C00001147,PROMO009,2025-05-02 12:01:51,LN20250502000015,1
C00007050,PROMO013,2025-05-18 22:59:35,LN20250518000022,1
C00005601,PROMO007,2025-05-15 13:29:47,LN20250515000029,1
C00004919,PROMO014,2025-01-25 22:38:24,LN20250125000014,1
C00000655,PROMO001,2025-06-10 12:13:58,LN20250610000020,1
C00004907,PROMO014,2025-03-17 15:21:23,LN20250317000044,1
C00004907,PROMO012,2025-02-18 16:00:45,LN20250218000029,1
C00000992,PROMO004,2025-04-25 22:31:44,LN20250425000015,1
C00004142,PROMO006,2025-02-27 06:50:23,LN20250227000039,1
C00008455,PROMO012,2025-03-03 21:52:15,LN20250303000034,1
C00002877,PROMO003,2025-06-26 13:18:10,LN20250626000019,1
C00003721,PROMO005,2025-03-19 09:13:08,LN20250319000028,1
C00007738,PROMO013,2025-03-06 16:45:18,LN20250306000045,1
C00001636,PROMO010,2025-02-10 21:17:49,LN20250210000024,1
C00000131,PROMO006,2025-05-23 11:44:16,LN20250523000030,1
C00007984,PROMO008,2025-02-26 21:09:08,LN20250226000037,1
C00001297,PROMO008,2025-04-07 12:31:58,LN20250407000022,1
C00009864,PROMO002,2025-01-18 13:55:31,LN20250118000012,1
C00003285,PROMO006,2025-05-15 13:08:51,LN20250515000030,1
C00007415,PROMO002,2025-01-31 21:56:08,LN20250131000022,1
C00007705,PROMO009,2025-06-24 21:36:18,LN20250624000020,1
C00004661,PROMO006,2025-02-25 15:39:58,LN20250225000033,1
C00003175,PROMO007,2025-03-08 16:23:17,LN20250308000046,1
C00003175,PROMO013,2025-03-19 21:31:41,LN20250319000029,1
C00005158,PROMO005,2025-06-05 12:58:07,LN20250605000026,1
C00008307,PROMO009,2025-05-09 21:15:08,LN20250509000014,1
C00002081,PROMO002,2025-06-15 21:08:24,LN20250615000030,1
C00000277,PROMO014,2025-04-04 21:31:13,LN20250404000032,1
C00006072,PROMO007,2025-04-13 20:44:59,LN20250413000018,1
C00005138,PROMO011,2025-04-06 13:19:17,LN20250406000021,1
C00004439,PROMO008,2025-03-31 10:42:52,LN20250331000031,1
C00004439,PROMO005,2025-03-11 12:49:26,LN20250311000037,1
C00009391,PROMO010,2025-04-06 13:49:53,LN20250406000023,1
C00004548,PROMO011,2025-05-29 17:25:35,LN20250529000027,1
C00000837,PROMO001,2025-03-04 01:03:34,LN20250304000048,1
C00008381,PROMO009,2025-03-17 10:13:08,LN20250317000045,1
C00006385,PROMO002,2025-04-01 16:23:52,LN20250401000020,1
C00005867,PROMO011,2025-01-20 14:41:57,LN20250120000009,1
C00005867,PROMO007,2025-02-20 21:16:04,LN20250220000043,1
C00004013,PROMO010,2025-02-07 00:00:13,LN20250207000032,1
C00003569,PROMO009,2025-02-27 21:32:24,LN20250227000041,1
C00007479,PROMO011,2025-03-20 09:09:23,LN20250320000033,1
C00000668,PROMO003,2025-05-09 22:57:43,LN20250509000015,1
C00004821,PROMO002,2025-05-08 21:42:09,LN20250508000029,1
C00001795,PROMO011,2025-06-08 11:49:30,LN20250608000025,1
C00003397,PROMO013,2025-03-10 20:01:53,LN20250310000042,1
C00001810,PROMO012,2025-06-04 21:03:20,LN20250604000030,1
C00002048,PROMO004,2025-05-23 17:19:18,LN20250523000031,1
C00009205,PROMO010,2025-02-06 20:54:03,LN20250206000028,1
C00002551,PROMO009,2025-05-20 11:31:17,LN20250520000016,1
C00004102,PROMO005,2025-03-13 21:33:38,LN20250313000050,1
C00006679,PROMO011,2025-03-18 09:09:44,LN20250318000027,1
C00007695,PROMO015,2025-05-15 20:30:49,LN20250515000032,1
C00007922,PROMO005,2025-03-01 22:20:55,LN20250301000045,1
C00004798,PROMO011,2025-06-09 21:22:26,LN20250609000021,1
C00001310,PROMO001,2025-03-19 20:47:12,LN20250319000031,1
C00002895,PROMO013,2025-02-05 10:29:17,LN20250205000025,1
C00004081,PROMO010,2025-01-31 14:36:09,LN20250131000024,1
C00004081,PROMO014,2025-02-17 06:28:56,LN20250217000037,1
C00008499,PROMO004,2025-06-16 22:58:36,LN20250616000021,1
C00001491,PROMO006,2025-06-22 11:12:08,LN20250622000031,1
C00001491,PROMO014,2025-06-28 12:45:01,LN20250628000016,1
C00003261,PROMO009,2025-05-03 15:48:54,LN20250503000018,1
C00009244,PROMO006,2025-02-15 14:56:13,LN20250215000046,1
C00009244,PROMO007,2025-02-22 12:24:15,LN20250222000040,1
C00006434,PROMO004,2025-06-08 13:53:45,LN20250608000026,1
C00007991,PROMO010,2025-04-16 13:56:54,LN20250416000021,1
C00001986,PROMO006,2025-03-28 19:59:11,LN20250328000029,1
C00006813,PROMO012,2025-05-16 21:21:33,LN20250516000028,1
C00006813,PROMO010,2025-05-18 21:00:55,LN20250518000024,1
C00001256,PROMO003,2025-02-28 13:07:59,LN20250228000046,1
C00003280,PROMO015,2025-01-25 19:21:25,LN20250125000015,1
C00008353,PROMO009,2025-02-03 12:24:06,LN20250203000022,1
C00006751,PROMO008,2025-06-01 09:30:43,LN20250601000030,1
C00007030,PROMO012,2025-02-24 13:45:44,LN20250224000050,1
C00001862,PROMO002,2025-06-09 22:55:24,LN20250609000022,1
C00003514,PROMO010,2025-03-27 13:11:25,LN20250327000035,1
C00000898,PROMO001,2025-05-14 13:38:04,LN20250514000023,1
C00007995,PROMO008,2025-06-18 11:02:53,LN20250618000023,1
C00007995,PROMO001,2025-05-27 17:26:04,LN20250527000030,1
C00007995,PROMO005,2025-05-06 12:25:30,LN20250506000017,1
C00001601,PROMO008,2025-04-19 20:31:23,LN20250419000025,1
C00003479,PROMO015,2025-04-17 12:38:52,LN20250417000024,1
C00003479,PROMO005,2025-04-14 20:46:23,LN20250414000019,1
C00000663,PROMO005,2025-01-31 21:23:32,LN20250131000026,1
C00004308,PROMO004,2025-04-13 22:51:30,LN20250413000022,1
C00004308,PROMO006,2025-04-16 20:37:48,LN20250416000022,1
C00004308,PROMO014,2025-04-29 13:32:12,LN20250429000021,1
C00000383,PROMO002,2025-01-24 11:40:15,LN20250124000014,1
C00008916,PROMO010,2025-02-24 12:30:44,LN20250224000051,1
C00002891,PROMO007,2025-05-06 13:14:49,LN20250506000018,1
C00004822,PROMO012,2025-03-15 22:44:41,LN20250315000025,1
C00006560,PROMO011,2025-06-27 22:06:25,LN20250627000025,1
C00007346,PROMO012,2025-03-31 13:38:19,LN20250331000032,1
C00007668,PROMO012,2025-03-12 13:38:36,LN20250312000046,1
C00008649,PROMO013,2025-03-11 13:35:02,LN20250311000042,1
C00003321,PROMO008,2025-03-14 20:19:28,LN20250314000044,1
C00003494,PROMO004,2025-03-06 22:37:47,LN20250306000050,1
C00007675,PROMO012,2025-02-03 02:31:17,LN20250203000024,1
C00001286,PROMO011,2025-05-31 21:43:41,LN20250531000025,1
C00008443,PROMO008,2025-05-26 14:08:12,LN20250526000033,1
C00008443,PROMO007,2025-06-04 12:11:48,LN20250604000032,1
C00009338,PROMO008,2025-04-16 12:25:33,LN20250416000024,1
C00000308,PROMO010,2025-05-28 12:48:57,LN20250528000020,1
C00007103,PROMO009,2025-06-26 02:04:39,LN20250626000023,1
C00007431,PROMO008,2025-06-24 08:54:47,LN20250624000022,1
C00001979,PROMO005,2025-05-07 18:27:13,LN20250507000035,1
C00009583,PROMO002,2025-05-22 22:59:40,LN20250522000029,1
C00002395,PROMO007,2025-04-03 13:40:37,LN20250403000023,1
C00006844,PROMO012,2025-02-20 07:55:13,LN20250220000045,1
C00002821,PROMO012,2025-02-21 14:55:35,LN20250221000045,1
C00006602,PROMO001,2025-02-19 20:03:38,LN20250219000035,1
C00005682,PROMO015,2025-05-02 09:31:14,LN20250502000020,1
C00009800,PROMO006,2025-05-21 13:21:51,LN20250521000027,1
C00004731,PROMO004,2025-03-02 01:16:26,LN20250302000033,1
C00004572,PROMO014,2025-03-23 17:15:50,LN20250323000024,1
C00004614,PROMO014,2025-06-17 22:03:39,LN20250617000021,1
C00008621,PROMO011,2025-03-15 13:52:51,LN20250315000028,1
C00007877,PROMO008,2025-01-15 17:00:31,LN20250115000005,1
C00007877,PROMO006,2025-02-10 12:32:47,LN20250210000027,1
C00003339,PROMO002,2025-02-20 20:17:49,LN20250220000046,1
C00006915,PROMO003,2025-06-22 21:07:57,LN20250622000032,1
C00005463,PROMO002,2025-05-06 12:06:10,LN20250506000020,1
C00003843,PROMO004,2025-03-20 16:13:13,LN20250320000038,1
C00003675,PROMO009,2025-06-08 12:35:39,LN20250608000027,1
C00004621,PROMO012,2025-05-04 10:53:08,LN20250504000022,1
C00004296,PROMO015,2025-04-17 20:02:32,LN20250417000026,1
C00007308,PROMO012,2025-03-01 20:43:46,LN20250301000047,1
C00006064,PROMO014,2025-06-29 13:47:20,LN20250629000018,1
C00001301,PROMO010,2025-05-20 22:57:37,LN20250520000018,1
C00003785,PROMO015,2025-02-04 20:36:09,LN20250204000027,1
C00006911,PROMO009,2025-04-17 13:58:21,LN20250417000027,1
C00009334,PROMO001,2025-03-22 15:01:16,LN20250322000033,1
C00002621,PROMO009,2025-06-10 12:21:23,LN20250610000023,1
C00003431,PROMO002,2025-05-07 12:21:45,LN20250507000037,1
C00002449,PROMO009,2025-06-05 13:49:31,LN20250605000030,1
C00008193,PROMO002,2025-05-04 22:50:21,LN20250504000023,1
C00000189,PROMO006,2025-03-07 14:25:18,LN20250307000055,1
C00009007,PROMO013,2025-05-17 01:47:29,LN20250517000035,1
C00002027,PROMO003,2025-02-28 12:04:08,LN20250228000051,1
C00002027,PROMO008,2025-03-06 13:38:00,LN20250306000052,1
C00006988,PROMO007,2025-06-04 21:37:00,LN20250604000036,1
C00006082,PROMO003,2025-05-28 10:19:36,LN20250528000022,1
C00009097,PROMO006,2025-02-10 21:34:00,LN20250210000028,1
C00005864,PROMO015,2025-04-04 15:59:37,LN20250404000037,1
C00003593,PROMO007,2025-03-27 15:55:56,LN20250327000037,1
C00008800,PROMO012,2025-02-09 13:56:46,LN20250209000029,1
C00001284,PROMO004,2025-03-31 20:32:57,LN20250331000035,1
C00009880,PROMO013,2025-04-21 20:26:39,LN20250421000024,1
C00004543,PROMO013,2025-03-22 11:02:19,LN20250322000034,1
C00004543,PROMO014,2025-02-04 12:56:37,LN20250204000029,1
C00004182,PROMO007,2025-03-21 20:03:51,LN20250321000037,1
C00007113,PROMO014,2025-04-17 12:40:27,LN20250417000028,1
C00007661,PROMO012,2025-01-27 14:33:16,LN20250127000018,1
C00002227,PROMO009,2025-06-22 11:01:54,LN20250622000034,1
C00004846,PROMO014,2025-03-23 10:43:08,LN20250323000025,1
C00009679,PROMO013,2025-06-23 20:27:17,LN20250623000014,1
C00004228,PROMO003,2025-02-02 21:46:07,LN20250202000025,1
C00004228,PROMO004,2025-03-04 12:09:05,LN20250304000055,1
C00003784,PROMO014,2025-03-31 13:29:35,LN20250331000036,1
C00007286,PROMO008,2025-05-14 16:41:57,LN20250514000026,1
C00004307,PROMO004,2025-03-26 12:03:59,LN20250326000032,1
C00004631,PROMO001,2025-06-27 22:50:21,LN20250627000026,1
C00003231,PROMO006,2025-06-20 21:11:03,LN20250620000020,1
C00008406,PROMO014,2025-03-13 18:12:03,LN20250313000052,1
C00007813,PROMO001,2025-02-28 02:05:26,LN20250228000053,1
C00009264,PROMO003,2025-03-12 21:49:12,LN20250312000047,1
C00000893,PROMO009,2025-02-02 10:41:44,LN20250202000026,1
C00005118,PROMO010,2025-03-11 13:57:16,LN20250311000045,1
C00005996,PROMO006,2025-03-20 22:58:34,LN20250320000039,1
C00009454,PROMO001,2025-04-19 12:43:26,LN20250419000026,1
C00001935,PROMO007,2025-02-06 22:38:01,LN20250206000036,1
C00001935,PROMO009,2025-02-17 21:22:39,LN20250217000038,1
C00001316,PROMO012,2025-04-07 19:53:43,LN20250407000025,1
C00000471,PROMO005,2025-04-17 12:48:23,LN20250417000029,1
C00006613,PROMO007,2025-05-26 21:37:28,LN20250526000035,1
C00006613,PROMO011,2025-05-27 13:35:38,LN20250527000032,1
C00000865,PROMO013,2025-04-30 02:46:24,LN20250430000021,1
C00000865,PROMO014,2025-05-12 21:18:08,LN20250512000027,1
C00002553,PROMO008,2025-03-07 21:23:15,LN20250307000058,1
C00002553,PROMO003,2025-03-27 16:36:45,LN20250327000039,1
C00001215,PROMO015,2025-03-01 20:21:41,LN20250301000048,1
C00009195,PROMO003,2025-02-12 00:26:59,LN20250212000045,1
C00001661,PROMO003,2025-03-27 20:06:43,LN20250327000040,1
C00000860,PROMO005,2025-05-08 12:15:18,LN20250508000034,1
C00003715,PROMO005,2025-03-11 20:29:31,LN20250311000046,1
C00008144,PROMO011,2025-03-07 14:42:02,LN20250307000060,1
C00007466,PROMO007,2025-02-06 13:04:19,LN20250206000037,1
C00000557,PROMO007,2025-06-29 13:45:54,LN20250629000022,1
C00001522,PROMO014,2025-03-05 21:49:45,LN20250305000039,1
C00004809,PROMO009,2025-03-07 20:36:09,LN20250307000061,1
C00004809,PROMO010,2025-03-25 22:02:38,LN20250325000024,1
C00002261,PROMO013,2025-02-11 12:00:09,LN20250211000034,1
C00006575,PROMO012,2025-05-30 12:39:25,LN20250530000035,1
C00000553,PROMO011,2025-02-13 18:12:20,LN20250213000050,1
C00006702,PROMO002,2025-04-13 13:23:16,LN20250413000026,1
C00006702,PROMO011,2025-04-13 13:13:26,LN20250413000027,1
C00006702,PROMO011,2025-05-07 13:42:41,LN20250507000038,1
C00006302,PROMO003,2025-03-27 08:28:32,LN20250327000041,1
C00003265,PROMO014,2025-03-22 21:21:30,LN20250322000037,1
C00003265,PROMO006,2025-03-09 21:07:27,LN20250309000041,1
C00008177,PROMO007,2025-03-27 12:56:08,LN20250327000042,1
C00004151,PROMO011,2025-05-22 22:20:26,LN20250522000032,1
C00008704,PROMO001,2025-04-19 16:09:41,LN20250419000027,1
C00001333,PROMO002,2025-06-11 20:44:57,LN20250611000028,1
C00001333,PROMO005,2025-06-21 17:41:00,LN20250621000026,1
C00005511,PROMO011,2025-03-12 06:46:01,LN20250312000048,1
C00004717,PROMO011,2025-03-13 12:43:11,LN20250313000056,1
C00009130,PROMO014,2025-05-04 00:59:20,LN20250504000025,1
C00009755,PROMO009,2025-03-02 21:45:27,LN20250302000038,1
C00009607,PROMO010,2025-04-10 21:38:20,LN20250410000014,1
C00006360,PROMO008,2025-04-24 12:54:01,LN20250424000026,1
C00006405,PROMO013,2025-06-27 13:43:37,LN20250627000029,1
C00009713,PROMO011,2025-06-24 21:00:34,LN20250624000026,1
C00002909,PROMO011,2025-04-18 10:05:30,LN20250418000026,1
C00004644,PROMO012,2025-06-14 12:41:26,LN20250614000025,1
C00006374,PROMO004,2025-04-28 13:10:45,LN20250428000026,1
C00005329,PROMO003,2025-03-07 22:50:23,LN20250307000062,1
C00005205,PROMO011,2025-02-26 13:27:51,LN20250226000049,1
C00001855,PROMO006,2025-04-14 08:05:31,LN20250414000022,1
C00003667,PROMO015,2025-03-22 10:43:23,LN20250322000039,1
C00000739,PROMO010,2025-06-01 22:49:41,LN20250601000034,1
C00000819,PROMO007,2025-03-03 21:07:23,LN20250303000041,1
C00009570,PROMO006,2025-04-08 09:57:34,LN20250408000022,1
C00005550,PROMO010,2025-05-30 20:26:54,LN20250530000036,1
C00001710,PROMO002,2025-01-19 16:32:41,LN20250119000004,1
C00007182,PROMO006,2025-02-27 18:46:58,LN20250227000046,1
C00001056,PROMO009,2025-04-04 09:33:29,LN20250404000038,1
C00003978,PROMO014,2025-06-07 20:48:45,LN20250607000033,1
C00005474,PROMO007,2025-01-30 01:12:20,LN20250130000020,1
C00009206,PROMO001,2025-06-30 09:04:46,LN20250630000024,1
C00002250,PROMO010,2025-02-10 10:17:42,LN20250210000030,1
C00009987,PROMO001,2025-06-14 12:30:13,LN20250614000026,1
C00008907,PROMO007,2025-03-13 12:53:27,LN20250313000058,1
C00001734,PROMO015,2025-03-11 22:37:14,LN20250311000047,1
C00003003,PROMO013,2025-03-25 11:43:54,LN20250325000025,1
C00002607,PROMO010,2025-02-02 20:35:10,LN20250202000029,1
C00001379,PROMO009,2025-03-08 21:25:19,LN20250308000055,1
C00004112,PROMO012,2025-05-19 16:37:27,LN20250519000028,1
C00004112,PROMO010,2025-05-07 17:38:56,LN20250507000039,1
C00005634,PROMO008,2025-05-10 13:21:07,LN20250510000026,1
C00004851,PROMO003,2025-03-14 09:12:37,LN20250314000050,1
C00006195,PROMO006,2025-05-23 20:06:39,LN20250523000032,1
C00003248,PROMO014,2025-05-31 10:42:57,LN20250531000030,1
C00006478,PROMO013,2025-06-12 07:44:53,LN20250612000036,1
C00001659,PROMO014,2025-04-01 23:00:42,LN20250401000028,1
C00006497,PROMO010,2025-03-28 20:05:09,LN20250328000037,1
C00007475,PROMO002,2025-01-16 21:29:54,LN20250116000006,1
C00006212,PROMO006,2025-03-23 20:36:31,LN20250323000028,1
C00001956,PROMO006,2025-06-14 20:13:46,LN20250614000028,1
C00002786,PROMO003,2025-02-04 23:17:26,LN20250204000030,1
C00004811,PROMO012,2025-03-10 09:46:56,LN20250310000047,1
C00006048,PROMO007,2025-03-12 21:18:14,LN20250312000050,1
C00003424,PROMO013,2025-02-18 22:38:28,LN20250218000039,1
C00002103,PROMO006,2025-03-23 20:20:04,LN20250323000030,1
C00004282,PROMO006,2025-02-23 21:10:38,LN20250223000051,1
C00005121,PROMO001,2025-03-19 22:02:41,LN20250319000035,1
C00001371,PROMO010,2025-02-25 22:00:40,LN20250225000039,1
C00004524,PROMO005,2025-02-25 17:08:04,LN20250225000040,1
C00004524,PROMO002,2025-03-13 11:24:25,LN20250313000059,1
C00000705,PROMO006,2025-04-05 20:24:38,LN20250405000031,1
C00009564,PROMO002,2025-04-23 01:41:19,LN20250423000016,1
C00001934,PROMO004,2025-05-27 20:58:21,LN20250527000034,1
C00008731,PROMO008,2025-03-09 13:37:19,LN20250309000048,1
C00003731,PROMO003,2025-06-07 07:02:25,LN20250607000035,1
C00004316,PROMO008,2025-05-19 23:37:11,LN20250519000031,1
C00008474,PROMO013,2025-02-11 12:52:11,LN20250211000040,1
C00003680,PROMO009,2025-01-25 20:57:55,LN20250125000017,1
C00003680,PROMO015,2025-01-29 14:03:50,LN20250129000021,1
C00000185,PROMO006,2025-04-05 16:07:50,LN20250405000032,1
C00006121,PROMO012,2025-05-18 20:25:01,LN20250518000028,1
C00004514,PROMO010,2025-03-09 22:00:13,LN20250309000049,1
C00008267,PROMO001,2025-06-09 13:18:55,LN20250609000028,1
C00005414,PROMO014,2025-05-12 02:08:44,LN20250512000030,1
C00009678,PROMO015,2025-05-27 13:17:49,LN20250527000036,1
C00006364,PROMO014,2025-05-01 22:33:09,LN20250501000023,1
C00006364,PROMO002,2025-04-21 10:25:23,LN20250421000028,1
C00009179,PROMO015,2025-05-09 21:07:20,LN20250509000020,1
C00004385,PROMO005,2025-02-22 11:42:35,LN20250222000053,1
C00002542,PROMO014,2025-06-09 20:55:58,LN20250609000029,1
C00001559,PROMO002,2025-06-19 13:22:07,LN20250619000032,1
C00009887,PROMO009,2025-03-05 13:16:03,LN20250305000044,1
C00004877,PROMO011,2025-05-10 13:47:19,LN20250510000028,1
C00006797,PROMO003,2025-03-07 21:19:06,LN20250307000064,1
C00002254,PROMO011,2025-05-29 11:36:20,LN20250529000036,1
C00009184,PROMO011,2025-01-22 14:42:54,LN20250122000011,1
C00003337,PROMO005,2025-06-26 09:39:14,LN20250626000026,1
C00000996,PROMO003,2025-05-02 14:14:05,LN20250502000022,1
C00009364,PROMO007,2025-04-09 20:24:55,LN20250409000031,1
C00009169,PROMO012,2025-03-05 14:34:29,LN20250305000046,1
C00000153,PROMO009,2025-02-12 13:48:18,LN20250212000051,1
C00006834,PROMO009,2025-06-17 20:25:49,LN20250617000025,1
C00002979,PROMO014,2025-06-16 22:12:53,LN20250616000029,1
C00006775,PROMO013,2025-05-05 13:32:07,LN20250505000021,1
C00006139,PROMO004,2025-02-20 21:27:41,LN20250220000054,1
C00006139,PROMO014,2025-03-07 14:23:08,LN20250307000065,1
C00008288,PROMO014,2025-03-16 12:40:20,LN20250316000038,1
C00002815,PROMO008,2025-02-12 17:32:42,LN20250212000052,1
C00007409,PROMO010,2025-02-10 16:48:13,LN20250210000034,1
C00002788,PROMO013,2025-02-24 15:47:49,LN20250224000062,1
C00009699,PROMO014,2025-05-12 20:28:00,LN20250512000031,1
C00008281,PROMO004,2025-04-15 13:58:50,LN20250415000026,1
C00001655,PROMO005,2025-05-17 20:16:32,LN20250517000036,1
C00006925,PROMO002,2025-02-22 20:57:16,LN20250222000054,1
C00004113,PROMO010,2025-04-13 15:10:25,LN20250413000030,1
C00004518,PROMO007,2025-05-28 13:51:50,LN20250528000027,1
C00002911,PROMO015,2025-06-02 22:41:23,LN20250602000034,1
C00006768,PROMO010,2025-02-11 12:04:32,LN20250211000043,1
C00002563,PROMO004,2025-02-14 16:50:03,LN20250214000047,1
C00004867,PROMO004,2025-06-15 10:25:02,LN20250615000037,1
C00004648,PROMO010,2025-04-28 12:59:22,LN20250428000030,1
C00000661,PROMO010,2025-02-22 22:19:32,LN20250222000055,1
C00007972,PROMO015,2025-03-05 13:29:57,LN20250305000048,1
C00006111,PROMO009,2025-06-05 13:48:32,LN20250605000035,1
C00003367,PROMO006,2025-03-15 22:22:06,LN20250315000037,1
C00004078,PROMO006,2025-02-20 06:22:09,LN20250220000055,1
C00007354,PROMO008,2025-03-13 10:53:08,LN20250313000061,1
C00007354,PROMO002,2025-04-27 12:37:03,LN20250427000030,1
C00002977,PROMO010,2025-06-04 15:38:19,LN20250604000042,1
C00000960,PROMO015,2025-01-29 21:21:15,LN20250129000023,1
C00001442,PROMO013,2025-02-07 16:17:43,LN20250207000041,1
C00004300,PROMO007,2025-06-10 18:46:08,LN20250610000028,1
C00001666,PROMO007,2025-03-18 08:36:48,LN20250318000039,1
C00004560,PROMO001,2025-04-06 21:42:14,LN20250406000028,1
C00004561,PROMO002,2025-04-13 19:23:59,LN20250413000031,1
C00004576,PROMO014,2025-02-02 13:02:07,LN20250202000030,1
C00008665,PROMO007,2025-03-17 21:49:34,LN20250317000052,1
C00001528,PROMO012,2025-04-19 22:03:27,LN20250419000031,1
C00005300,PROMO003,2025-04-09 12:59:25,LN20250409000032,1
C00004063,PROMO010,2025-04-12 21:26:49,LN20250412000023,1
C00000783,PROMO014,2025-03-07 13:03:07,LN20250307000066,1
C00007206,PROMO006,2025-06-19 22:10:09,LN20250619000033,1
C00001109,PROMO009,2025-06-10 11:42:01,LN20250610000029,1
C00006178,PROMO005,2025-06-22 19:58:06,LN20250622000038,1
C00001119,PROMO007,2025-05-14 22:46:13,LN20250514000030,1
C00009643,PROMO011,2025-03-05 21:11:53,LN20250305000049,1
C00000399,PROMO008,2025-03-06 11:25:10,LN20250306000056,1
C00008623,PROMO007,2025-05-01 22:36:21,LN20250501000024,1
C00002274,PROMO010,2025-05-26 17:38:23,LN20250526000040,1
C00009102,PROMO012,2025-01-18 16:45:29,LN20250118000015,1
C00002219,PROMO014,2025-06-07 12:15:14,LN20250607000038,1
C00009158,PROMO003,2025-01-28 21:02:45,LN20250128000020,1
C00009158,PROMO012,2025-02-22 10:33:21,LN20250222000058,1
C00008781,PROMO014,2025-02-25 22:17:24,LN20250225000043,1
C00003366,PROMO013,2025-02-26 06:08:34,LN20250226000055,1
C00003366,PROMO004,2025-02-15 22:42:03,LN20250215000055,1
C00000572,PROMO014,2025-06-23 17:24:30,LN20250623000018,1
C00004100,PROMO012,2025-05-27 12:58:52,LN20250527000039,1
C00004934,PROMO008,2025-02-11 21:05:21,LN20250211000047,1
C00002578,PROMO007,2025-02-15 21:04:20,LN20250215000057,1
C00008890,PROMO014,2025-05-23 14:36:37,LN20250523000037,1
C00006422,PROMO013,2025-02-11 19:45:47,LN20250211000048,1
C00000780,PROMO012,2025-04-29 23:31:06,LN20250429000030,1
C00005724,PROMO005,2025-02-13 08:59:25,LN20250213000054,1
C00001758,PROMO006,2025-03-06 20:36:31,LN20250306000058,1
C00007860,PROMO009,2025-06-14 22:01:18,LN20250614000031,1
C00001340,PROMO009,2025-05-09 22:41:08,LN20250509000022,1
C00000744,PROMO002,2025-04-25 13:25:57,LN20250425000022,1
C00006071,PROMO005,2025-02-11 21:32:34,LN20250211000049,1
C00004080,PROMO012,2025-05-15 13:14:12,LN20250515000041,1
C00008398,PROMO002,2025-02-23 22:27:03,LN20250223000054,1
C00000018,PROMO006,2025-04-01 16:03:32,LN20250401000030,1
C00008547,PROMO012,2025-06-23 16:09:03,LN20250623000020,1
C00002594,PROMO006,2025-03-02 22:43:58,LN20250302000044,1
C00002594,PROMO001,2025-03-21 17:40:00,LN20250321000044,1
C00005604,PROMO011,2025-04-03 20:34:00,LN20250403000026,1
C00004256,PROMO008,2025-05-14 13:46:18,LN20250514000031,1
C00003117,PROMO013,2025-03-26 22:34:05,LN20250326000038,1
C00003117,PROMO012,2025-03-14 12:19:30,LN20250314000054,1
C00000114,PROMO015,2025-04-30 13:01:06,LN20250430000027,1
C00006399,PROMO005,2025-05-12 10:59:14,LN20250512000037,1
C00007126,PROMO002,2025-02-17 13:49:08,LN20250217000041,1
C00009718,PROMO009,2025-05-01 21:09:06,LN20250501000025,1
C00003074,PROMO007,2025-06-09 12:17:36,LN20250609000030,1
C00001013,PROMO010,2025-06-03 20:07:48,LN20250603000029,1
C00007992,PROMO011,2025-02-28 15:05:41,LN20250228000060,1
C00002130,PROMO008,2025-03-06 21:10:11,LN20250306000060,1
C00007434,PROMO007,2025-01-24 19:13:57,LN20250124000015,1
C00007621,PROMO005,2025-02-24 14:06:51,LN20250224000065,1
C00002430,PROMO002,2025-03-01 21:04:13,LN20250301000052,1
C00004795,PROMO011,2025-03-14 10:19:07,LN20250314000055,1
C00002461,PROMO006,2025-06-04 15:08:48,LN20250604000043,1
C00007337,PROMO005,2025-04-02 13:05:58,LN20250402000039,1
C00005937,PROMO007,2025-02-21 19:15:12,LN20250221000057,1
C00008299,PROMO014,2025-03-27 12:42:55,LN20250327000048,1
C00004107,PROMO003,2025-05-04 18:27:52,LN20250504000027,1
C00007040,PROMO011,2025-01-20 21:50:07,LN20250120000013,1
C00000328,PROMO013,2025-03-04 16:21:21,LN20250304000060,1
C00000328,PROMO007,2025-04-22 01:14:10,LN20250422000024,1
C00006530,PROMO009,2025-03-23 21:58:32,LN20250323000033,1
C00000216,PROMO001,2025-06-18 13:21:33,LN20250618000034,1
C00008777,PROMO001,2025-06-17 13:42:35,LN20250617000026,1
C00003268,PROMO005,2025-06-06 17:02:21,LN20250606000028,1
C00001534,PROMO010,2025-02-27 20:30:38,LN20250227000051,1
C00007153,PROMO012,2025-04-26 16:32:30,LN20250426000019,1
C00008768,PROMO001,2025-05-09 21:04:57,LN20250509000025,1
C00003891,PROMO008,2025-03-06 12:05:19,LN20250306000061,1
C00008801,PROMO004,2025-06-04 12:00:01,LN20250604000046,1
C00006159,PROMO010,2025-03-09 13:46:01,LN20250309000054,1
C00007968,PROMO004,2025-03-03 15:18:36,LN20250303000049,1
C00001954,PROMO001,2025-02-21 12:34:54,LN20250221000058,1
C00008271,PROMO010,2025-05-22 12:02:21,LN20250522000037,1
C00004093,PROMO007,2025-01-20 12:20:39,LN20250120000016,1
C00001430,PROMO001,2025-01-23 12:02:34,LN20250123000011,1
C00009634,PROMO001,2025-02-21 14:10:23,LN20250221000059,1
C00005052,PROMO007,2025-06-29 11:50:21,LN20250629000027,1
C00008874,PROMO006,2025-03-07 21:09:21,LN20250307000068,1
C00002470,PROMO009,2025-04-11 21:29:00,LN20250411000027,1
C00006176,PROMO006,2025-03-03 21:05:33,LN20250303000051,1
C00009957,PROMO002,2025-04-15 11:38:56,LN20250415000029,1
C00002307,PROMO004,2025-03-25 13:14:37,LN20250325000031,1
C00006177,PROMO004,2025-05-11 22:14:59,LN20250511000039,1
C00000396,PROMO011,2025-02-02 09:45:44,LN20250202000031,1
C00003120,PROMO010,2025-03-19 20:53:00,LN20250319000040,1
C00004426,PROMO015,2025-04-26 01:31:26,LN20250426000020,1
C00004426,PROMO008,2025-06-01 14:33:09,LN20250601000038,1
C00006884,PROMO006,2025-05-28 13:26:41,LN20250528000030,1
C00006884,PROMO011,2025-06-13 15:27:47,LN20250613000033,1
C00002871,PROMO010,2025-06-27 23:41:56,LN20250627000032,1
C00000842,PROMO005,2025-02-01 00:12:28,LN20250201000033,1
C00002803,PROMO010,2025-03-20 20:15:43,LN20250320000044,1
C00003143,PROMO002,2025-05-27 12:53:26,LN20250527000042,1
C00007196,PROMO003,2025-02-13 15:15:27,LN20250213000057,1
C00007209,PROMO004,2025-06-06 15:15:58,LN20250606000031,1
C00005129,PROMO007,2025-01-17 22:15:43,LN20250117000012,1
C00009624,PROMO008,2025-05-28 22:20:59,LN20250528000031,1
C00006294,PROMO004,2025-06-29 20:37:07,LN20250629000029,1
C00004564,PROMO008,2025-05-16 20:53:25,LN20250516000037,1
C00007059,PROMO001,2025-02-07 13:42:29,LN20250207000045,1
C00003747,PROMO004,2025-02-05 21:19:23,LN20250205000034,1
C00005314,PROMO007,2025-05-31 10:05:02,LN20250531000037,1
C00005314,PROMO010,2025-05-20 21:53:35,LN20250520000024,1
C00003772,PROMO002,2025-02-21 12:08:38,LN20250221000064,1
C00005814,PROMO007,2025-03-05 13:09:26,LN20250305000054,1
C00007694,PROMO008,2025-05-24 13:02:32,LN20250524000036,1
C00003059,PROMO013,2025-06-26 22:20:17,LN20250626000031,1
C00004929,PROMO006,2025-06-20 12:33:34,LN20250620000025,1
C00007376,PROMO006,2025-05-09 20:16:34,LN20250509000028,1
C00000108,PROMO007,2025-05-03 20:01:18,LN20250503000025,1
C00001945,PROMO006,2025-06-21 17:59:24,LN20250621000031,1
C00002901,PROMO014,2025-02-23 21:56:39,LN20250223000056,1
C00009910,PROMO001,2025-05-19 13:17:21,LN20250519000035,1
C00009910,PROMO010,2025-06-11 13:27:24,LN20250611000035,1
C00003179,PROMO011,2025-03-18 22:34:09,LN20250318000045,1
C00002798,PROMO014,2025-04-30 22:10:45,LN20250430000031,1
C00004148,PROMO012,2025-06-12 20:40:54,LN20250612000040,1
C00007600,PROMO013,2025-01-30 12:05:47,LN20250130000026,1
C00005140,PROMO014,2025-06-03 21:57:31,LN20250603000030,1
C00009468,PROMO013,2025-03-03 09:33:57,LN20250303000054,1
C00009484,PROMO002,2025-04-16 14:41:33,LN20250416000029,1
C00002080,PROMO005,2025-03-26 18:49:41,LN20250326000040,1
C00001932,PROMO005,2025-02-05 13:23:39,LN20250205000035,1
C00008626,PROMO007,2025-05-08 20:14:51,LN20250508000041,1
C00004666,PROMO010,2025-02-17 14:45:04,LN20250217000044,1
C00000900,PROMO007,2025-03-21 08:49:10,LN20250321000049,1
C00007755,PROMO004,2025-04-27 14:12:19,LN20250427000034,1
C00003011,PROMO001,2025-05-11 22:54:09,LN20250511000042,1
C00001892,PROMO006,2025-06-26 19:00:21,LN20250626000032,1
C00001763,PROMO014,2025-03-14 08:43:19,LN20250314000057,1
C00009137,PROMO007,2025-04-04 22:54:37,LN20250404000042,1
C00009553,PROMO006,2025-03-11 13:54:07,LN20250311000054,1
C00001820,PROMO004,2025-03-17 17:34:56,LN20250317000058,1
C00007532,PROMO004,2025-05-10 10:22:10,LN20250510000029,1
C00009191,PROMO003,2025-02-02 20:34:31,LN20250202000032,1
C00007885,PROMO007,2025-05-14 20:05:27,LN20250514000034,1
C00001989,PROMO003,2025-02-18 12:22:11,LN20250218000047,1
C00009548,PROMO004,2025-04-30 20:27:20,LN20250430000032,1
C00009386,PROMO010,2025-04-03 13:18:31,LN20250403000029,1
C00003322,PROMO010,2025-06-27 20:08:37,LN20250627000034,1
C00003836,PROMO003,2025-03-04 12:11:16,LN20250304000061,1
C00009509,PROMO015,2025-02-18 15:00:26,LN20250218000048,1
C00009653,PROMO002,2025-06-28 12:46:46,LN20250628000021,1
C00009653,PROMO003,2025-06-29 13:04:30,LN20250629000031,1
C00007185,PROMO012,2025-06-16 12:34:56,LN20250616000033,1
C00003150,PROMO011,2025-02-13 17:07:03,LN20250213000059,1
C00009741,PROMO012,2025-02-02 15:23:02,LN20250202000033,1
C00005048,PROMO012,2025-05-30 13:16:37,LN20250530000040,1
C00009224,PROMO013,2025-06-17 19:44:33,LN20250617000028,1
C00003051,PROMO009,2025-01-23 10:23:33,LN20250123000013,1
C00003051,PROMO013,2025-02-23 12:32:57,LN20250223000058,1
C00007981,PROMO011,2025-04-07 13:44:15,LN20250407000036,1
C00002070,PROMO015,2025-02-13 11:01:45,LN20250213000061,1
C00001766,PROMO009,2025-03-13 10:04:15,LN20250313000070,1
C00000060,PROMO006,2025-05-17 13:08:52,LN20250517000039,1
C00007736,PROMO012,2025-02-15 21:16:40,LN20250215000063,1
C00005961,PROMO013,2025-05-31 22:37:06,LN20250531000038,1
C00002800,PROMO003,2025-04-10 21:13:49,LN20250410000016,1
C00004479,PROMO012,2025-05-04 20:15:14,LN20250504000028,1
C00003087,PROMO014,2025-02-02 13:00:01,LN20250202000034,1
C00003809,PROMO005,2025-03-23 20:27:11,LN20250323000038,1
C00002590,PROMO012,2025-02-26 08:53:32,LN20250226000063,1
C00008407,PROMO015,2025-05-30 13:18:22,LN20250530000041,1
C00009836,PROMO001,2025-04-26 13:50:49,LN20250426000023,1
C00004161,PROMO013,2025-03-30 00:03:43,LN20250330000028,1
C00008148,PROMO011,2025-05-25 20:35:23,LN20250525000033,1
C00008148,PROMO008,2025-05-09 21:46:41,LN20250509000030,1
C00003571,PROMO013,2025-01-19 20:24:16,LN20250119000007,1
C00005132,PROMO012,2025-02-01 17:31:11,LN20250201000035,1
C00005132,PROMO008,2025-01-27 12:47:31,LN20250127000024,1
C00006626,PROMO007,2025-02-17 21:20:44,LN20250217000046,1
C00005334,PROMO015,2025-03-07 20:23:06,LN20250307000071,1
C00004499,PROMO008,2025-02-21 12:39:12,LN20250221000065,1
C00002431,PROMO003,2025-04-09 19:53:49,LN20250409000037,1
C00003790,PROMO015,2025-03-18 13:13:29,LN20250318000048,1
C00005853,PROMO002,2025-02-14 08:07:42,LN20250214000052,1
C00003640,PROMO007,2025-03-19 15:50:39,LN20250319000042,1
C00002597,PROMO007,2025-06-17 12:25:29,LN20250617000030,1
C00004053,PROMO013,2025-03-16 12:44:50,LN20250316000043,1
C00000558,PROMO012,2025-06-15 12:16:16,LN20250615000043,1
C00007384,PROMO001,2025-05-17 22:04:46,LN20250517000041,1
C00008172,PROMO006,2025-02-11 22:50:04,LN20250211000055,1
C00000654,PROMO008,2025-06-08 21:47:22,LN20250608000033,1
C00006481,PROMO008,2025-05-12 11:52:30,LN20250512000041,1
C00003737,PROMO011,2025-02-23 17:16:06,LN20250223000059,1
C00007824,PROMO010,2025-04-16 08:26:49,LN20250416000030,1
C00001417,PROMO011,2025-04-10 21:05:02,LN20250410000017,1
C00004038,PROMO011,2025-04-10 22:22:26,LN20250410000018,1
C00008709,PROMO003,2025-03-17 14:17:41,LN20250317000061,1
C00000422,PROMO011,2025-03-13 12:33:29,LN20250313000072,1
C00003373,PROMO008,2025-03-02 20:57:58,LN20250302000051,1
C00000515,PROMO015,2025-06-11 13:48:08,LN20250611000036,1
C00007412,PROMO011,2025-05-03 19:45:05,LN20250503000027,1
C00002244,PROMO004,2025-03-31 22:23:37,LN20250331000049,1
C00002244,PROMO004,2025-04-15 12:29:16,LN20250415000031,1
C00007047,PROMO005,2025-02-27 13:45:54,LN20250227000054,1
C00003536,PROMO011,2025-02-14 06:18:42,LN20250214000053,1
C00003413,PROMO011,2025-02-14 09:49:08,LN20250214000054,1
C00006207,PROMO007,2025-06-01 12:49:32,LN20250601000042,1
C00003621,PROMO006,2025-05-25 23:25:14,LN20250525000035,1
C00003874,PROMO009,2025-06-02 10:39:46,LN20250602000039,1
C00001565,PROMO009,2025-02-26 17:59:21,LN20250226000065,1
C00003948,PROMO008,2025-06-28 21:45:20,LN20250628000022,1
C00005391,PROMO010,2025-01-20 12:58:48,LN20250120000017,1
C00007335,PROMO006,2025-04-11 06:12:50,LN20250411000029,1
C00003655,PROMO006,2025-05-16 15:18:04,LN20250516000039,1
C00001600,PROMO015,2025-03-09 15:14:49,LN20250309000060,1
C00008563,PROMO015,2025-03-23 20:50:47,LN20250323000040,1
C00005215,PROMO009,2025-06-02 12:54:22,LN20250602000040,1
C00007147,PROMO008,2025-02-19 21:44:33,LN20250219000055,1
C00001425,PROMO015,2025-06-29 20:02:56,LN20250629000032,1
C00008860,PROMO009,2025-05-29 01:32:59,LN20250529000040,1
C00004660,PROMO010,2025-04-20 20:25:46,LN20250420000027,1
C00007032,PROMO015,2025-06-12 21:54:35,LN20250612000044,1
C00001233,PROMO013,2025-05-29 02:49:27,LN20250529000041,1
C00000416,PROMO003,2025-03-27 13:09:53,LN20250327000052,1
C00004911,PROMO013,2025-05-02 13:44:39,LN20250502000026,1
C00000811,PROMO011,2025-03-02 21:59:04,LN20250302000052,1
C00006720,PROMO008,2025-02-28 14:09:51,LN20250228000068,1
C00006485,PROMO007,2025-05-15 21:41:03,LN20250515000047,1
C00001760,PROMO011,2025-06-26 14:59:24,LN20250626000036,1
C00005434,PROMO003,2025-03-29 18:29:51,LN20250329000036,1
C00005357,PROMO002,2025-03-02 18:17:14,LN20250302000053,1
C00008641,PROMO004,2025-04-02 13:05:45,LN20250402000046,1
C00009292,PROMO008,2025-06-27 21:20:17,LN20250627000037,1
C00006078,PROMO005,2025-03-12 20:19:57,LN20250312000057,1
C00009684,PROMO002,2025-05-18 17:44:53,LN20250518000033,1
C00002921,PROMO005,2025-03-02 10:10:00,LN20250302000054,1
C00005722,PROMO012,2025-03-28 20:40:43,LN20250328000048,1
C00000781,PROMO013,2025-02-22 10:42:47,LN20250222000065,1
C00001192,PROMO003,2025-04-25 16:35:10,LN20250425000028,1
C00004604,PROMO003,2025-03-07 07:49:00,LN20250307000073,1
C00006041,PROMO012,2025-03-19 21:57:37,LN20250319000046,1
C00008421,PROMO003,2025-02-15 12:38:51,LN20250215000069,1
C00007511,PROMO004,2025-05-19 19:52:37,LN20250519000039,1
C00007332,PROMO010,2025-06-08 09:04:34,LN20250608000038,1
C00009694,PROMO014,2025-04-06 23:17:59,LN20250406000031,1
C00007696,PROMO007,2025-04-10 11:48:25,LN20250410000020,1
C00008933,PROMO001,2025-06-15 09:19:31,LN20250615000046,1
C00005454,PROMO014,2025-02-06 13:46:58,LN20250206000053,1
C00009897,PROMO011,2025-04-11 12:21:08,LN20250411000033,1
C00001278,PROMO007,2025-01-25 20:43:33,LN20250125000021,1
C00007316,PROMO002,2025-03-19 21:39:06,LN20250319000047,1
C00003581,PROMO006,2025-04-20 21:16:49,LN20250420000028,1
C00002335,PROMO006,2025-01-27 13:00:30,LN20250127000025,1
C00003780,PROMO005,2025-02-27 12:20:36,LN20250227000056,1
C00008084,PROMO014,2025-04-25 12:26:38,LN20250425000029,1
C00002195,PROMO002,2025-04-14 16:34:52,LN20250414000026,1
C00002480,PROMO007,2025-03-22 07:46:53,LN20250322000049,1
C00007848,PROMO006,2025-06-22 09:56:10,LN20250622000044,1
C00005137,PROMO007,2025-02-16 14:04:34,LN20250216000047,1
C00005623,PROMO015,2025-03-02 13:11:18,LN20250302000055,1
C00005723,PROMO003,2025-05-11 18:22:19,LN20250511000045,1
C00006057,PROMO002,2025-06-21 15:43:38,LN20250621000034,1
C00001526,PROMO007,2025-02-26 13:13:25,LN20250226000069,1
C00002275,PROMO014,2025-02-02 13:55:51,LN20250202000038,1
C00005753,PROMO010,2025-06-13 22:08:44,LN20250613000038,1
C00008645,PROMO013,2025-02-18 13:31:02,LN20250218000051,1
C00008482,PROMO001,2025-05-11 19:58:01,LN20250511000046,1
C00009107,PROMO005,2025-02-14 22:25:02,LN20250214000059,1
C00008891,PROMO014,2025-01-19 21:47:12,LN20250119000009,1
C00004880,PROMO004,2025-02-27 01:39:00,LN20250227000058,1
C00007500,PROMO012,2025-02-28 22:38:08,LN20250228000071,1
C00005754,PROMO009,2025-02-25 15:26:35,LN20250225000055,1
C00000782,PROMO006,2025-06-10 13:48:53,LN20250610000037,1
C00001807,PROMO009,2025-01-31 13:34:28,LN20250131000039,1
C00005468,PROMO009,2025-06-04 09:38:53,LN20250604000050,1
C00009329,PROMO001,2025-02-07 21:52:31,LN20250207000052,1
C00004322,PROMO001,2025-02-13 17:58:52,LN20250213000068,1
C00004322,PROMO004,2025-02-05 18:21:39,LN20250205000042,1
C00009531,PROMO012,2025-02-16 22:48:03,LN20250216000049,1
C00002968,PROMO009,2025-03-30 21:57:38,LN20250330000030,1
C00006301,PROMO012,2025-02-13 22:40:55,LN20250213000069,1
C00009988,PROMO007,2025-02-12 13:22:26,LN20250212000061,1
C00001381,PROMO010,2025-06-26 10:43:43,LN20250626000038,1
C00001799,PROMO005,2025-03-01 12:02:12,LN20250301000061,1
C00009199,PROMO003,2025-05-20 07:03:23,LN20250520000028,1
C00000068,PROMO015,2025-02-07 19:03:53,LN20250207000053,1
C00006172,PROMO013,2025-01-17 17:19:14,LN20250117000013,1
C00008576,PROMO011,2025-01-16 09:15:42,LN20250116000008,1
C00001352,PROMO011,2025-03-24 13:37:36,LN20250324000042,1
C00007622,PROMO002,2025-03-16 17:26:24,LN20250316000044,1
C00004478,PROMO011,2025-06-07 17:43:00,LN20250607000046,1
C00000407,PROMO004,2025-06-25 22:09:34,LN20250625000031,1
C00002131,PROMO006,2025-03-04 13:48:46,LN20250304000068,1
C00000554,PROMO001,2025-05-31 21:46:37,LN20250531000040,1
C00008168,PROMO014,2025-06-15 13:38:51,LN20250615000047,1
C00006663,PROMO006,2025-01-21 20:17:57,LN20250121000016,1
C00003394,PROMO009,2025-03-24 22:46:14,LN20250324000043,1
C00003394,PROMO011,2025-03-30 08:39:31,LN20250330000031,1
C00000759,PROMO014,2025-05-28 10:08:44,LN20250528000035,1
C00005797,PROMO014,2025-02-23 12:33:30,LN20250223000065,1
C00001338,PROMO004,2025-05-05 11:05:12,LN20250505000025,1
C00003013,PROMO010,2025-02-18 10:23:21,LN20250218000054,1
C00009569,PROMO005,2025-02-03 20:09:49,LN20250203000034,1
C00002604,PROMO009,2025-01-23 22:26:04,LN20250123000016,1
C00002604,PROMO010,2025-03-23 21:41:16,LN20250323000044,1
C00007554,PROMO005,2025-05-14 13:00:10,LN20250514000040,1
C00002428,PROMO013,2025-03-11 13:03:04,LN20250311000058,1
C00002933,PROMO011,2025-05-24 06:42:48,LN20250524000039,1
C00000609,PROMO004,2025-04-03 21:26:10,LN20250403000034,1
C00004340,PROMO003,2025-04-12 13:17:57,LN20250412000035,1
C00001671,PROMO004,2025-05-11 21:19:07,LN20250511000048,1
C00008953,PROMO003,2025-04-09 13:17:00,LN20250409000043,1
C00009203,PROMO002,2025-03-16 13:51:33,LN20250316000045,1
C00009050,PROMO008,2025-02-20 21:50:31,LN20250220000065,1
C00001064,PROMO013,2025-02-22 20:36:36,LN20250222000068,1
C00001327,PROMO009,2025-05-07 10:03:28,LN20250507000052,1
C00001816,PROMO004,2025-03-06 13:16:43,LN20250306000070,1
C00008123,PROMO006,2025-05-13 23:29:04,LN20250513000044,1
C00008531,PROMO005,2025-03-02 13:17:24,LN20250302000057,1
C00006908,PROMO002,2025-04-16 12:18:46,LN20250416000034,1
C00009530,PROMO004,2025-05-20 21:42:21,LN20250520000029,1
C00000269,PROMO005,2025-02-07 22:20:17,LN20250207000056,1
C00004435,PROMO006,2025-02-23 21:09:00,LN20250223000066,1
C00005305,PROMO004,2025-06-10 10:05:04,LN20250610000039,1
C00002410,PROMO006,2025-05-23 00:27:42,LN20250523000044,1
C00004973,PROMO014,2025-01-21 21:15:33,LN20250121000017,1
C00004973,PROMO002,2025-02-08 12:43:07,LN20250208000039,1
C00004771,PROMO015,2025-05-13 21:04:06,LN20250513000045,1
C00008106,PROMO007,2025-05-06 10:59:26,LN20250506000033,1
C00008842,PROMO001,2025-03-10 18:41:37,LN20250310000063,1
C00004419,PROMO013,2025-06-20 12:57:50,LN20250620000027,1
C00005283,PROMO008,2025-01-16 13:28:48,LN20250116000009,1
C00006789,PROMO011,2025-05-09 21:24:18,LN20250509000036,1
C00004346,PROMO002,2025-05-18 21:58:05,LN20250518000037,1
C00001901,PROMO003,2025-06-05 12:50:52,LN20250605000039,1
C00007361,PROMO003,2025-04-06 20:10:03,LN20250406000035,1
C00005673,PROMO001,2025-06-24 20:38:26,LN20250624000035,1
C00001776,PROMO014,2025-02-02 20:15:53,LN20250202000042,1
C00009080,PROMO012,2025-05-17 23:20:44,LN20250517000046,1
C00004823,PROMO001,2025-05-14 13:39:50,LN20250514000043,1
C00008263,PROMO009,2025-02-12 07:28:31,LN20250212000065,1
C00000460,PROMO008,2025-06-22 18:57:39,LN20250622000049,1
C00004365,PROMO014,2025-05-28 12:34:00,LN20250528000036,1
C00006818,PROMO013,2025-06-16 01:26:10,LN20250615000049,1
C00007485,PROMO011,2025-05-03 19:40:30,LN20250503000029,1
C00009459,PROMO001,2025-03-02 20:38:03,LN20250302000059,1
C00007402,PROMO005,2025-06-08 13:40:33,LN20250608000041,1
C00005279,PROMO008,2025-04-10 13:09:20,LN20250410000023,1
C00004870,PROMO014,2025-03-03 12:30:44,LN20250303000065,1
C00008135,PROMO013,2025-05-01 20:32:37,LN20250501000028,1
C00002988,PROMO013,2025-06-01 13:20:53,LN20250601000044,1
C00003236,PROMO009,2025-05-20 01:04:31,LN20250520000031,1
C00000779,PROMO010,2025-04-06 18:36:11,LN20250406000036,1
C00002826,PROMO010,2025-02-20 19:24:06,LN20250220000067,1
C00002406,PROMO012,2025-03-07 18:06:14,LN20250307000082,1
C00005680,PROMO014,2025-04-28 15:52:57,LN20250428000039,1
C00004729,PROMO009,2025-02-22 09:17:10,LN20250222000072,1
C00001474,PROMO007,2025-04-05 20:24:58,LN20250405000041,1
C00003350,PROMO013,2025-04-14 10:00:53,LN20250414000028,1
C00001468,PROMO005,2025-05-03 21:32:31,LN20250503000030,1
C00001998,PROMO006,2025-03-26 13:19:32,LN20250326000048,1
C00002283,PROMO008,2025-03-16 14:13:14,LN20250316000048,1
C00002552,PROMO012,2025-02-06 14:10:25,LN20250206000055,1
C00003892,PROMO004,2025-05-19 19:53:51,LN20250519000042,1
C00009501,PROMO007,2025-05-22 19:28:33,LN20250522000045,1
C00006463,PROMO004,2025-04-06 18:02:40,LN20250406000040,1
C00006562,PROMO012,2025-03-10 13:09:49,LN20250310000066,1
C00004668,PROMO011,2025-03-07 13:25:39,LN20250307000085,1
C00007606,PROMO008,2025-02-22 18:41:55,LN20250222000074,1
C00006550,PROMO007,2025-03-14 12:48:53,LN20250314000067,1
C00008956,PROMO009,2025-02-16 19:32:02,LN20250216000053,1
C00002783,PROMO004,2025-06-13 19:44:42,LN20250613000041,1
C00006614,PROMO006,2025-03-29 07:32:02,LN20250329000042,1
C00004409,PROMO014,2025-03-09 09:52:17,LN20250309000069,1
C00009560,PROMO013,2025-06-18 14:57:44,LN20250618000042,1
C00006516,PROMO012,2025-02-07 22:34:32,LN20250207000059,1
C00003154,PROMO001,2025-02-04 21:31:20,LN20250204000044,1
C00000838,PROMO011,2025-02-26 12:12:40,LN20250226000078,1
C00008744,PROMO013,2025-02-14 21:58:13,LN20250214000066,1
C00007791,PROMO011,2025-03-10 19:25:44,LN20250310000067,1
C00002051,PROMO006,2025-03-16 22:36:36,LN20250316000050,1
C00006548,PROMO012,2025-06-26 06:57:11,LN20250626000042,1
C00007241,PROMO013,2025-02-18 13:01:56,LN20250218000060,1
C00000408,PROMO006,2025-05-26 09:54:49,LN20250526000049,1
C00007065,PROMO015,2025-05-17 21:47:05,LN20250517000047,1
C00005952,PROMO008,2025-06-11 22:48:39,LN20250611000040,1
C00007575,PROMO002,2025-06-23 11:22:43,LN20250623000030,1
C00009512,PROMO010,2025-04-22 21:01:39,LN20250422000031,1
C00008567,PROMO005,2025-05-26 12:09:50,LN20250526000050,1
C00004480,PROMO015,2025-06-21 12:43:22,LN20250621000038,1
C00009126,PROMO006,2025-01-25 10:02:12,LN20250125000024,1
C00008076,PROMO014,2025-02-27 13:25:58,LN20250227000062,1
C00006832,PROMO005,2025-02-19 13:58:24,LN20250219000070,1
C00007982,PROMO003,2025-03-22 09:29:24,LN20250322000053,1
C00004852,PROMO015,2025-06-15 20:09:05,LN20250615000051,1
C00002693,PROMO003,2025-03-13 01:31:45,LN20250313000080,1
C00004893,PROMO008,2025-04-17 01:02:01,LN20250417000043,1
C00000017,PROMO003,2025-06-15 13:59:11,LN20250615000052,1
C00000078,PROMO001,2025-03-31 13:30:59,LN20250331000061,1
C00002975,PROMO003,2025-03-27 08:40:19,LN20250327000059,1
C00000691,PROMO009,2025-05-15 20:09:51,LN20250515000050,1
C00000953,PROMO002,2025-05-11 07:13:33,LN20250511000049,1
C00006508,PROMO013,2025-03-26 23:50:08,LN20250326000051,1
C00005011,PROMO003,2025-05-06 07:59:19,LN20250506000034,1
C00009648,PROMO011,2025-05-18 22:32:28,LN20250518000039,1
C00005103,PROMO005,2025-05-09 07:49:01,LN20250509000037,1
C00005103,PROMO001,2025-05-16 12:46:04,LN20250516000042,1
C00007917,PROMO013,2025-03-24 21:53:16,LN20250324000047,1
C00006455,PROMO011,2025-04-25 14:34:33,LN20250425000032,1
C00005843,PROMO012,2025-05-18 20:01:33,LN20250518000040,1
C00009067,PROMO011,2025-06-20 12:06:58,LN20250620000031,1
C00008743,PROMO011,2025-06-25 06:40:18,LN20250625000033,1
C00001813,PROMO004,2025-06-18 12:34:19,LN20250618000044,1
C00008792,PROMO009,2025-04-28 14:08:48,LN20250428000040,1
C00004812,PROMO012,2025-04-02 11:50:42,LN20250402000048,1
C00005593,PROMO005,2025-03-21 12:34:21,LN20250321000062,1
C00009024,PROMO014,2025-02-20 10:32:56,LN20250220000069,1
C00007429,PROMO006,2025-04-16 12:49:11,LN20250416000038,1
C00006300,PROMO003,2025-02-19 13:49:07,LN20250219000072,1
C00003136,PROMO012,2025-02-06 21:32:55,LN20250206000056,1
C00001454,PROMO005,2025-06-25 20:05:56,LN20250625000034,1
C00000748,PROMO015,2025-03-07 21:45:16,LN20250307000088,1
C00003467,PROMO004,2025-05-26 09:29:42,LN20250526000051,1
C00008910,PROMO001,2025-06-26 22:31:33,LN20250626000045,1
C00003745,PROMO005,2025-02-10 10:55:57,LN20250210000048,1
C00002641,PROMO001,2025-03-22 20:17:17,LN20250322000054,1
C00009186,PROMO005,2025-03-06 20:57:11,LN20250306000075,1
C00001045,PROMO012,2025-06-06 13:58:32,LN20250606000044,1
C00004133,PROMO006,2025-06-13 12:39:02,LN20250613000045,1
C00008203,PROMO002,2025-02-12 13:52:18,LN20250212000071,1
C00009025,PROMO012,2025-04-13 19:46:25,LN20250413000035,1
C00004988,PROMO006,2025-03-09 17:54:17,LN20250309000072,1
C00003371,PROMO004,2025-02-18 12:32:12,LN20250218000061,1
C00003919,PROMO006,2025-03-04 22:26:25,LN20250304000074,1
C00005450,PROMO004,2025-06-28 21:41:05,LN20250628000025,1
C00005450,PROMO003,2025-06-24 13:41:58,LN20250624000038,1
C00000844,PROMO005,2025-06-09 23:29:53,LN20250609000037,1
C00007011,PROMO006,2025-03-12 13:52:58,LN20250312000062,1
C00003764,PROMO011,2025-05-04 10:35:58,LN20250504000036,1
C00007428,PROMO002,2025-06-20 20:37:48,LN20250620000032,1
C00003372,PROMO005,2025-05-19 02:50:37,LN20250519000047,1
C00009715,PROMO007,2025-01-12 13:35:52,LN20250112000006,1
C00000264,PROMO010,2025-05-22 09:33:53,LN20250522000050,1
C00001363,PROMO004,2025-06-23 16:25:28,LN20250623000031,1
C00008721,PROMO009,2025-06-06 15:14:06,LN20250606000045,1
C00008161,PROMO002,2025-05-14 13:09:46,LN20250514000044,1
C00003480,PROMO012,2025-03-18 19:10:54,LN20250318000057,1
C00003718,PROMO012,2025-03-08 21:20:07,LN20250308000069,1
C00009513,PROMO007,2025-04-28 13:30:23,LN20250428000043,1
C00008810,PROMO006,2025-03-07 13:29:00,LN20250307000089,1
C00004160,PROMO014,2025-02-03 12:41:15,LN20250203000040,1
C00006808,PROMO001,2025-02-07 22:22:24,LN20250207000061,1
C00006335,PROMO011,2025-03-17 09:09:55,LN20250317000064,1
C00003474,PROMO004,2025-02-28 06:29:32,LN20250228000082,1
C00008990,PROMO014,2025-02-09 14:14:38,LN20250209000046,1
C00006642,PROMO003,2025-06-18 00:40:33,LN20250618000048,1
C00007953,PROMO003,2025-03-26 07:41:34,LN20250326000055,1
C00002319,PROMO006,2025-05-29 14:49:27,LN20250529000047,1
C00006067,PROMO004,2025-05-23 21:37:55,LN20250523000046,1
C00005293,PROMO001,2025-04-07 21:06:15,LN20250407000045,1
C00006488,PROMO007,2025-05-08 16:41:48,LN20250508000049,1
C00006331,PROMO004,2025-04-12 20:37:40,LN20250412000039,1
