application_id,customer_id,event_code,risk_level,detected_at,action_taken,is_test_data
AP20250306000001,C00005495,DEVICE_SHARE,LOW,2025-03-06 12:50:16,REVIEW,1
AP20250215000003,C00008657,DEVICE_SHARE,MID,2025-02-15 21:11:46,BLOCK,1
AP20250217000002,C00006159,DEVICE_SHARE,HIGH,2025-02-17 20:38:11,BLOCK,1
AP20250114000001,C00000672,GPS_ABNORMAL,LOW,2025-01-14 22:17:45,WATCH,1
AP20250206000001,C00003854,BATCH_APPLY,LOW,2025-02-06 08:45:53,WATCH,1
AP20250311000002,C00007990,BATCH_APPLY,MID,2025-03-11 12:19:13,BLOCK,1
AP20250312000002,C00006271,GPS_ABNORMAL,LOW,2025-03-12 18:59:09,WATCH,1
AP20250410000001,C00001554,GPS_ABNORMAL,HIGH,2025-04-10 13:00:57,REVIEW,1
AP20250619000001,C00002532,BATCH_APPLY,LOW,2025-06-19 13:56:43,BLOCK,1
AP20250215000004,C00002376,BATCH_APPLY,MID,2025-02-15 22:45:55,REVIEW,1
AP20250504000002,C00007504,DEVICE_SHARE,LOW,2025-05-04 02:05:02,WATCH,1
AP20250525000004,C00003286,DEVICE_SHARE,LOW,2025-05-25 11:40:51,WATCH,1
AP20250121000001,C00003114,DEVICE_SHARE,LOW,2025-01-21 22:30:22,REVIEW,1
AP20250517000001,C00005464,DEVICE_SHARE,MID,2025-05-17 01:58:27,BLOCK,1
AP20250503000002,C00008746,BATCH_APPLY,HIGH,2025-05-03 08:46:22,WATCH,1
AP20250414000001,C00009588,GPS_ABNORMAL,MID,2025-04-14 20:54:38,BLOCK,1
AP20250212000002,C00009909,BATCH_APPLY,LOW,2025-02-12 02:01:48,REVIEW,1
AP20250106000001,C00003995,DEVICE_SHARE,LOW,2025-01-06 17:34:21,WATCH,1
AP20250511000002,C00009496,BATCH_APPLY,MID,2025-05-11 20:13:03,WATCH,1
AP20250607000003,C00004437,BATCH_APPLY,MID,2025-06-07 19:46:00,BLOCK,1
AP20250222000004,C00005945,DEVICE_SHARE,LOW,2025-02-22 14:41:26,WATCH,1
AP20250130000006,C00002091,DEVICE_SHARE,HIGH,2025-01-30 21:02:06,REVIEW,1
AP20250321000005,C00002535,GPS_ABNORMAL,HIGH,2025-03-21 12:54:36,WATCH,1
AP20250309000012,C00001201,DEVICE_SHARE,HIGH,2025-03-09 22:44:26,WATCH,1
AP20250209000004,C00005345,BATCH_APPLY,LOW,2025-02-09 16:15:57,BLOCK,1
AP20250427000001,C00003581,DEVICE_SHARE,LOW,2025-04-27 18:01:28,WATCH,1
AP20250310000005,C00004326,BATCH_APPLY,HIGH,2025-03-10 21:48:15,BLOCK,1
AP20250318000008,C00001763,BATCH_APPLY,MID,2025-03-18 20:41:03,BLOCK,1
AP20250304000007,C00008192,GPS_ABNORMAL,MID,2025-03-04 10:14:21,WATCH,1
AP20250228000007,C00007203,DEVICE_SHARE,HIGH,2025-02-28 20:34:59,REVIEW,1
AP20250210000008,C00004967,DEVICE_SHARE,HIGH,2025-02-10 08:45:45,WATCH,1
AP20250329000003,C00009868,DEVICE_SHARE,LOW,2025-03-29 13:42:42,REVIEW,1
AP20250215000009,C00006725,DEVICE_SHARE,HIGH,2025-02-15 20:07:07,WATCH,1
AP20250418000003,C00009077,GPS_ABNORMAL,MID,2025-04-18 19:29:30,BLOCK,1
AP20250316000004,C00008174,DEVICE_SHARE,LOW,2025-03-16 08:07:06,BLOCK,1
AP20250508000005,C00008929,DEVICE_SHARE,HIGH,2025-05-08 09:25:47,WATCH,1
AP20250312000009,C00002687,GPS_ABNORMAL,LOW,2025-03-12 11:43:24,BLOCK,1
AP20250611000006,C00004087,GPS_ABNORMAL,LOW,2025-06-11 13:44:41,REVIEW,1
AP20250521000006,C00008829,DEVICE_SHARE,MID,2025-05-21 13:40:17,WATCH,1
AP20250613000006,C00002255,BATCH_APPLY,LOW,2025-06-13 14:25:31,WATCH,1
AP20250521000007,C00008921,GPS_ABNORMAL,HIGH,2025-05-21 06:55:13,WATCH,1
AP20250301000013,C00005506,DEVICE_SHARE,LOW,2025-03-01 00:33:47,REVIEW,1
AP20250318000010,C00003714,DEVICE_SHARE,HIGH,2025-03-18 06:58:09,REVIEW,1
AP20250316000007,C00001271,DEVICE_SHARE,MID,2025-03-16 12:11:20,REVIEW,1
AP20250202000015,C00001392,DEVICE_SHARE,MID,2025-02-02 20:27:50,WATCH,1
AP20250110000004,C00000162,GPS_ABNORMAL,MID,2025-01-10 13:21:48,WATCH,1
AP20250619000004,C00005227,BATCH_APPLY,HIGH,2025-06-19 14:37:04,WATCH,1
AP20250217000013,C00007379,DEVICE_SHARE,LOW,2025-02-17 20:26:37,WATCH,1
AP20250131000008,C00009537,GPS_ABNORMAL,HIGH,2025-01-31 20:56:47,WATCH,1
AP20250121000007,C00000672,GPS_ABNORMAL,LOW,2025-01-21 17:45:11,REVIEW,1
AP20250408000007,C00001506,GPS_ABNORMAL,MID,2025-04-08 21:07:53,BLOCK,1
AP20250224000012,C00007156,BATCH_APPLY,HIGH,2025-02-24 21:03:55,REVIEW,1
AP20250630000005,C00004962,DEVICE_SHARE,HIGH,2025-06-30 20:51:34,REVIEW,1
AP20250115000006,C00009272,GPS_ABNORMAL,HIGH,2025-01-15 13:46:14,WATCH,1
AP20250124000007,C00006432,BATCH_APPLY,MID,2025-01-24 15:37:23,WATCH,1
AP20250626000010,C00004204,DEVICE_SHARE,MID,2025-06-26 12:17:31,WATCH,1
AP20250217000016,C00008102,BATCH_APPLY,HIGH,2025-02-17 09:22:28,REVIEW,1
AP20250316000012,C00000360,GPS_ABNORMAL,LOW,2025-03-16 11:35:52,BLOCK,1
AP20250312000012,C00000632,DEVICE_SHARE,HIGH,2025-03-12 17:15:14,REVIEW,1
AP20250407000007,C00002859,DEVICE_SHARE,MID,2025-04-07 21:21:38,REVIEW,1
AP20250208000009,C00004385,DEVICE_SHARE,LOW,2025-02-08 21:43:01,REVIEW,1
AP20250128000007,C00000157,DEVICE_SHARE,LOW,2025-01-28 13:51:26,BLOCK,1
AP20250211000015,C00007599,BATCH_APPLY,HIGH,2025-02-11 21:15:20,REVIEW,1
AP20250504000009,C00004308,GPS_ABNORMAL,HIGH,2025-05-04 20:54:29,BLOCK,1
AP20250628000006,C00009008,DEVICE_SHARE,MID,2025-06-28 12:14:45,WATCH,1
AP20250407000008,C00009221,BATCH_APPLY,MID,2025-04-07 15:46:15,BLOCK,1
AP20250131000013,C00009490,DEVICE_SHARE,LOW,2025-01-31 13:15:38,WATCH,1
AP20250501000010,C00009435,BATCH_APPLY,MID,2025-05-01 12:41:05,BLOCK,1
AP20250301000017,C00007956,GPS_ABNORMAL,HIGH,2025-03-01 07:23:08,WATCH,1
AP20250125000006,C00007821,DEVICE_SHARE,LOW,2025-01-25 17:03:49,REVIEW,1
AP20250327000004,C00003636,GPS_ABNORMAL,MID,2025-03-27 14:10:05,BLOCK,1
AP20250218000020,C00000511,GPS_ABNORMAL,LOW,2025-02-18 12:16:56,REVIEW,1
AP20250203000019,C00001447,DEVICE_SHARE,LOW,2025-02-03 13:25:43,REVIEW,1
AP20250504000013,C00005533,DEVICE_SHARE,HIGH,2025-05-04 20:35:58,BLOCK,1
AP20250306000017,C00009078,GPS_ABNORMAL,HIGH,2025-03-06 12:30:38,BLOCK,1
AP20250501000013,C00003146,BATCH_APPLY,MID,2025-05-01 07:48:19,REVIEW,1
AP20250130000017,C00006918,DEVICE_SHARE,HIGH,2025-01-30 13:46:44,REVIEW,1
AP20250619000009,C00002537,DEVICE_SHARE,LOW,2025-06-19 23:33:52,WATCH,1
AP20250628000010,C00005639,DEVICE_SHARE,HIGH,2025-06-28 12:56:12,WATCH,1
AP20250206000020,C00006515,BATCH_APPLY,HIGH,2025-02-06 09:56:11,REVIEW,1
AP20250409000012,C00001874,DEVICE_SHARE,MID,2025-04-09 22:49:05,WATCH,1
AP20250527000008,C00004334,DEVICE_SHARE,LOW,2025-05-27 18:28:12,REVIEW,1
AP20250224000022,C00006910,GPS_ABNORMAL,HIGH,2025-02-24 22:04:56,WATCH,1
AP20250329000012,C00004789,DEVICE_SHARE,LOW,2025-03-29 00:38:25,REVIEW,1
AP20250519000016,C00007945,GPS_ABNORMAL,MID,2025-05-19 09:13:16,REVIEW,1
AP20250626000014,C00005903,BATCH_APPLY,MID,2025-06-26 12:15:25,BLOCK,1
AP20250507000018,C00004202,GPS_ABNORMAL,HIGH,2025-05-08 01:18:04,BLOCK,1
AP20250315000010,C00007942,GPS_ABNORMAL,MID,2025-03-15 11:16:07,BLOCK,1
AP20250209000018,C00009584,GPS_ABNORMAL,HIGH,2025-02-09 18:21:22,BLOCK,1
AP20250303000015,C00002421,BATCH_APPLY,HIGH,2025-03-03 14:28:32,REVIEW,1
AP20250419000010,C00008436,BATCH_APPLY,LOW,2025-04-19 16:45:42,WATCH,1
AP20250513000007,C00005946,GPS_ABNORMAL,LOW,2025-05-13 22:30:32,BLOCK,1
AP20250603000010,C00005503,DEVICE_SHARE,HIGH,2025-06-03 12:59:49,BLOCK,1
AP20250626000016,C00007377,GPS_ABNORMAL,LOW,2025-06-26 21:23:02,REVIEW,1
AP20250124000011,C00005765,DEVICE_SHARE,LOW,2025-01-24 15:42:09,BLOCK,1
AP20250611000013,C00007264,BATCH_APPLY,HIGH,2025-06-11 11:44:05,REVIEW,1
AP20250213000023,C00004583,BATCH_APPLY,LOW,2025-02-13 18:12:12,REVIEW,1
AP20250412000008,C00002699,BATCH_APPLY,MID,2025-04-12 10:22:43,WATCH,1
AP20250426000010,C00000168,GPS_ABNORMAL,HIGH,2025-04-26 08:24:40,BLOCK,1
AP20250126000016,C00004954,GPS_ABNORMAL,HIGH,2025-01-26 11:14:24,WATCH,1
AP20250408000013,C00005822,GPS_ABNORMAL,MID,2025-04-08 21:32:35,WATCH,1
AP20250227000029,C00004900,DEVICE_SHARE,HIGH,2025-02-27 09:42:27,BLOCK,1
AP20250130000020,C00000139,DEVICE_SHARE,HIGH,2025-01-30 19:50:38,WATCH,1
AP20250217000026,C00005978,BATCH_APPLY,HIGH,2025-02-17 11:51:38,REVIEW,1
AP20250621000014,C00003498,DEVICE_SHARE,MID,2025-06-23 00:06:47,WATCH,1
AP20250526000012,C00000487,DEVICE_SHARE,LOW,2025-05-26 07:58:00,BLOCK,1
AP20250204000024,C00001968,GPS_ABNORMAL,MID,2025-02-04 15:56:00,BLOCK,1
AP20250301000021,C00003142,GPS_ABNORMAL,HIGH,2025-03-01 12:20:25,WATCH,1
AP20250210000018,C00002137,DEVICE_SHARE,HIGH,2025-02-10 13:07:21,REVIEW,1
AP20250505000010,C00003079,DEVICE_SHARE,LOW,2025-05-05 20:08:25,BLOCK,1
AP20250217000027,C00007690,DEVICE_SHARE,LOW,2025-02-17 13:04:16,WATCH,1
AP20250129000020,C00003870,BATCH_APPLY,LOW,2025-01-29 13:20:54,BLOCK,1
AP20250428000011,C00005068,DEVICE_SHARE,HIGH,2025-04-28 09:36:00,BLOCK,1
AP20250607000013,C00001295,DEVICE_SHARE,MID,2025-06-07 16:00:07,REVIEW,1
AP20250502000011,C00007864,GPS_ABNORMAL,MID,2025-05-02 17:01:03,WATCH,1
AP20250519000019,C00006037,DEVICE_SHARE,MID,2025-05-19 16:02:54,BLOCK,1
AP20250130000022,C00005462,BATCH_APPLY,MID,2025-01-30 08:39:58,REVIEW,1
AP20250614000005,C00003683,GPS_ABNORMAL,LOW,2025-06-14 01:34:06,WATCH,1
AP20250407000014,C00008218,DEVICE_SHARE,LOW,2025-04-07 16:23:56,BLOCK,1
AP20250531000017,C00009862,GPS_ABNORMAL,MID,2025-05-31 22:40:35,WATCH,1
AP20250210000021,C00006629,GPS_ABNORMAL,HIGH,2025-02-10 11:32:11,BLOCK,1
AP20250323000011,C00000104,BATCH_APPLY,MID,2025-03-23 11:41:26,BLOCK,1
AP20250327000012,C00000143,GPS_ABNORMAL,MID,2025-03-27 20:20:25,REVIEW,1
AP20250626000019,C00004393,DEVICE_SHARE,HIGH,2025-06-26 22:45:50,WATCH,1
AP20250222000028,C00005490,BATCH_APPLY,LOW,2025-02-22 12:43:19,WATCH,1
AP20250405000009,C00009048,DEVICE_SHARE,MID,2025-04-05 13:52:20,WATCH,1
AP20250124000017,C00005135,BATCH_APPLY,MID,2025-01-24 21:43:05,WATCH,1
AP20250518000020,C00008950,BATCH_APPLY,LOW,2025-05-18 01:04:25,REVIEW,1
AP20250318000023,C00005540,GPS_ABNORMAL,HIGH,2025-03-18 11:07:18,WATCH,1
AP20250318000024,C00007350,BATCH_APPLY,HIGH,2025-03-18 23:05:07,BLOCK,1
AP20250517000017,C00001408,GPS_ABNORMAL,LOW,2025-05-17 22:26:51,REVIEW,1
AP20250405000012,C00001274,BATCH_APPLY,LOW,2025-04-05 09:17:52,REVIEW,1
AP20250218000032,C00004558,BATCH_APPLY,MID,2025-02-18 21:48:35,WATCH,1
AP20250208000024,C00009926,DEVICE_SHARE,MID,2025-02-08 16:53:43,WATCH,1
AP20250612000013,C00004787,GPS_ABNORMAL,LOW,2025-06-12 12:15:27,REVIEW,1
AP20250427000012,C00008399,BATCH_APPLY,HIGH,2025-04-27 13:08:36,WATCH,1
AP20250411000014,C00002938,GPS_ABNORMAL,HIGH,2025-04-11 20:34:30,REVIEW,1
AP20250129000022,C00009350,DEVICE_SHARE,MID,2025-01-29 13:25:03,REVIEW,1
AP20250212000028,C00004674,GPS_ABNORMAL,HIGH,2025-02-12 12:24:07,WATCH,1
AP20250212000029,C00003212,BATCH_APPLY,MID,2025-02-12 18:34:06,BLOCK,1
AP20250506000024,C00002060,GPS_ABNORMAL,HIGH,2025-05-06 22:22:46,REVIEW,1
AP20250519000026,C00005394,DEVICE_SHARE,LOW,2025-05-19 13:47:21,WATCH,1
AP20250413000013,C00005383,DEVICE_SHARE,LOW,2025-04-13 08:08:21,WATCH,1
AP20250618000009,C00004254,BATCH_APPLY,LOW,2025-06-18 21:58:36,BLOCK,1
AP20250614000007,C00001196,GPS_ABNORMAL,LOW,2025-06-14 20:19:06,BLOCK,1
AP20250310000022,C00009076,GPS_ABNORMAL,HIGH,2025-03-10 00:51:47,REVIEW,1
AP20250413000014,C00001028,BATCH_APPLY,LOW,2025-04-13 22:05:33,BLOCK,1
AP20250225000023,C00006558,GPS_ABNORMAL,MID,2025-02-25 15:49:25,BLOCK,1
AP20250529000019,C00000284,DEVICE_SHARE,MID,2025-05-29 19:38:55,REVIEW,1
AP20250312000027,C00004493,DEVICE_SHARE,MID,2025-03-12 19:37:55,WATCH,1
AP20250323000013,C00004755,GPS_ABNORMAL,HIGH,2025-03-23 21:21:13,REVIEW,1
AP20250602000021,C00001936,GPS_ABNORMAL,HIGH,2025-06-02 10:10:52,BLOCK,1
AP20250317000017,C00005174,BATCH_APPLY,HIGH,2025-03-17 22:58:35,WATCH,1
AP20250319000015,C00007920,BATCH_APPLY,HIGH,2025-03-19 15:01:09,REVIEW,1
AP20250504000020,C00001519,DEVICE_SHARE,MID,2025-05-04 12:54:56,WATCH,1
AP20250318000025,C00007788,BATCH_APPLY,HIGH,2025-03-18 22:37:17,WATCH,1
AP20250617000012,C00003592,GPS_ABNORMAL,MID,2025-06-17 21:45:43,REVIEW,1
AP20250504000022,C00004879,BATCH_APPLY,LOW,2025-05-04 20:36:27,BLOCK,1
AP20250122000010,C00002544,BATCH_APPLY,HIGH,2025-01-22 13:22:40,REVIEW,1
AP20250423000018,C00005732,GPS_ABNORMAL,HIGH,2025-04-23 21:48:58,WATCH,1
AP20250513000015,C00002958,DEVICE_SHARE,HIGH,2025-05-13 14:01:16,WATCH,1
AP20250418000013,C00005941,DEVICE_SHARE,HIGH,2025-04-18 20:12:26,REVIEW,1
AP20250418000014,C00006138,GPS_ABNORMAL,HIGH,2025-04-18 14:00:57,WATCH,1
AP20250204000035,C00006354,GPS_ABNORMAL,HIGH,2025-02-04 17:25:46,WATCH,1
AP20250224000033,C00000930,BATCH_APPLY,LOW,2025-02-24 23:18:17,REVIEW,1
AP20250210000025,C00000933,BATCH_APPLY,LOW,2025-02-10 13:16:30,WATCH,1
AP20250612000016,C00000959,BATCH_APPLY,MID,2025-06-12 14:03:57,BLOCK,1
AP20250207000029,C00006596,GPS_ABNORMAL,HIGH,2025-02-07 18:54:29,BLOCK,1
AP20250511000015,C00004690,GPS_ABNORMAL,MID,2025-05-11 15:29:49,REVIEW,1
AP20250501000020,C00005286,BATCH_APPLY,HIGH,2025-05-01 14:57:54,WATCH,1
AP20250317000018,C00004537,DEVICE_SHARE,MID,2025-03-17 10:30:19,REVIEW,1
AP20250216000026,C00004702,DEVICE_SHARE,MID,2025-02-16 03:01:38,BLOCK,1
AP20250131000029,C00009495,BATCH_APPLY,HIGH,2025-01-31 10:34:19,REVIEW,1
AP20250521000022,C00006118,DEVICE_SHARE,HIGH,2025-05-21 01:02:45,WATCH,1
AP20250310000027,C00004225,BATCH_APPLY,LOW,2025-03-10 13:04:08,REVIEW,1
AP20250623000020,C00001326,GPS_ABNORMAL,MID,2025-06-23 22:05:45,WATCH,1
AP20250322000019,C00003041,BATCH_APPLY,MID,2025-03-22 16:41:48,REVIEW,1
AP20250115000015,C00003940,BATCH_APPLY,MID,2025-01-15 22:54:53,WATCH,1
AP20250219000034,C00007882,DEVICE_SHARE,LOW,2025-02-19 14:29:50,REVIEW,1
AP20250305000034,C00002076,GPS_ABNORMAL,MID,2025-03-05 17:15:11,BLOCK,1
AP20250216000028,C00001449,GPS_ABNORMAL,MID,2025-02-16 14:01:13,WATCH,1
AP20250124000024,C00009274,DEVICE_SHARE,MID,2025-01-24 16:24:42,WATCH,1
AP20250213000041,C00008735,GPS_ABNORMAL,LOW,2025-02-13 22:15:13,WATCH,1
AP20250218000043,C00003368,GPS_ABNORMAL,MID,2025-02-18 16:48:20,BLOCK,1
AP20250321000022,C00007654,GPS_ABNORMAL,HIGH,2025-03-21 09:11:11,BLOCK,1
AP20250327000015,C00008628,DEVICE_SHARE,LOW,2025-03-27 07:41:33,REVIEW,1
AP20250325000014,C00003697,GPS_ABNORMAL,MID,2025-03-25 02:08:58,BLOCK,1
AP20250223000036,C00001015,DEVICE_SHARE,MID,2025-02-23 00:17:30,WATCH,1
AP20250211000041,C00002883,DEVICE_SHARE,LOW,2025-02-11 20:41:02,REVIEW,1
AP20250228000035,C00001525,DEVICE_SHARE,MID,2025-02-28 19:46:35,WATCH,1
AP20250523000026,C00001028,DEVICE_SHARE,MID,2025-05-23 13:27:21,REVIEW,1
AP20250314000018,C00003250,BATCH_APPLY,LOW,2025-03-14 21:42:36,REVIEW,1
AP20250417000021,C00001437,BATCH_APPLY,HIGH,2025-04-17 21:41:56,REVIEW,1
AP20250218000044,C00003089,GPS_ABNORMAL,HIGH,2025-02-18 14:15:49,BLOCK,1
AP20250119000015,C00003132,BATCH_APPLY,LOW,2025-01-19 12:13:05,REVIEW,1
AP20250224000037,C00000322,GPS_ABNORMAL,MID,2025-02-24 20:44:56,WATCH,1
AP20250315000021,C00008416,BATCH_APPLY,HIGH,2025-03-15 10:40:48,REVIEW,1
AP20250126000025,C00006380,DEVICE_SHARE,MID,2025-01-26 02:49:56,WATCH,1
AP20250209000033,C00005971,DEVICE_SHARE,LOW,2025-02-09 21:22:46,REVIEW,1
AP20250130000030,C00008417,DEVICE_SHARE,HIGH,2025-01-30 19:22:15,WATCH,1
AP20250323000019,C00005012,DEVICE_SHARE,MID,2025-03-23 22:55:01,WATCH,1
AP20250214000035,C00006698,DEVICE_SHARE,LOW,2025-02-14 22:52:19,REVIEW,1
AP20250305000036,C00007293,GPS_ABNORMAL,HIGH,2025-03-05 19:37:14,WATCH,1
AP20250412000022,C00007576,BATCH_APPLY,LOW,2025-04-12 09:16:52,REVIEW,1
AP20250222000039,C00009217,BATCH_APPLY,HIGH,2025-02-22 11:13:47,WATCH,1
AP20250606000027,C00008223,BATCH_APPLY,MID,2025-06-06 13:55:29,BLOCK,1
AP20250304000027,C00006838,BATCH_APPLY,HIGH,2025-03-04 13:41:46,WATCH,1
AP20250628000019,C00000159,BATCH_APPLY,LOW,2025-06-28 13:05:19,WATCH,1
AP20250216000035,C00003582,BATCH_APPLY,MID,2025-02-16 19:52:11,WATCH,1
AP20250228000040,C00006573,GPS_ABNORMAL,LOW,2025-02-28 13:06:21,REVIEW,1
AP20250209000034,C00002491,GPS_ABNORMAL,LOW,2025-02-09 13:01:04,REVIEW,1
AP20250515000029,C00002219,BATCH_APPLY,MID,2025-05-15 20:41:07,WATCH,1
AP20250327000019,C00005263,BATCH_APPLY,MID,2025-03-27 22:33:08,BLOCK,1
AP20250226000034,C00008843,BATCH_APPLY,LOW,2025-02-26 09:14:14,WATCH,1
AP20250403000014,C00001896,GPS_ABNORMAL,MID,2025-04-03 20:48:16,REVIEW,1
AP20250220000040,C00001764,DEVICE_SHARE,MID,2025-02-20 15:43:16,REVIEW,1
AP20250207000037,C00004381,GPS_ABNORMAL,LOW,2025-02-07 22:53:41,REVIEW,1
AP20250121000018,C00002100,GPS_ABNORMAL,HIGH,2025-01-21 12:10:42,BLOCK,1
AP20250123000026,C00004103,GPS_ABNORMAL,LOW,2025-01-23 10:54:57,BLOCK,1
AP20250323000022,C00003227,GPS_ABNORMAL,HIGH,2025-03-23 17:03:49,WATCH,1
AP20250302000048,C00006167,BATCH_APPLY,LOW,2025-03-02 13:19:17,WATCH,1
AP20250224000039,C00004635,BATCH_APPLY,MID,2025-02-24 20:21:54,WATCH,1
AP20250321000029,C00007009,DEVICE_SHARE,LOW,2025-03-21 18:04:20,REVIEW,1
AP20250419000022,C00001384,GPS_ABNORMAL,MID,2025-04-19 20:47:10,REVIEW,1
AP20250510000022,C00008601,BATCH_APPLY,HIGH,2025-05-10 11:41:21,WATCH,1
AP20250222000043,C00000976,DEVICE_SHARE,LOW,2025-02-22 20:16:46,REVIEW,1
AP20250622000013,C00005675,DEVICE_SHARE,MID,2025-06-22 16:51:28,BLOCK,1
AP20250115000022,C00009469,DEVICE_SHARE,LOW,2025-01-15 13:13:45,WATCH,1
AP20250122000021,C00003189,BATCH_APPLY,LOW,2025-01-22 11:00:08,BLOCK,1
AP20250211000052,C00007421,DEVICE_SHARE,LOW,2025-02-11 06:31:43,REVIEW,1
AP20250610000020,C00009259,GPS_ABNORMAL,HIGH,2025-06-10 22:51:05,REVIEW,1
AP20250612000027,C00006243,BATCH_APPLY,MID,2025-06-12 17:03:25,WATCH,1
AP20250125000026,C00007653,DEVICE_SHARE,HIGH,2025-01-25 23:25:34,BLOCK,1
AP20250619000020,C00001670,BATCH_APPLY,HIGH,2025-06-21 00:47:03,BLOCK,1
AP20250515000031,C00007971,GPS_ABNORMAL,LOW,2025-05-15 16:42:18,WATCH,1
AP20250325000019,C00001966,BATCH_APPLY,MID,2025-03-25 09:46:35,REVIEW,1
AP20250202000042,C00005080,DEVICE_SHARE,LOW,2025-02-02 15:41:46,WATCH,1
AP20250211000056,C00007054,BATCH_APPLY,LOW,2025-02-11 22:44:23,REVIEW,1
AP20250209000038,C00001875,BATCH_APPLY,MID,2025-02-09 15:05:51,BLOCK,1
AP20250519000036,C00002584,DEVICE_SHARE,HIGH,2025-05-19 20:05:12,WATCH,1
AP20250602000032,C00004726,GPS_ABNORMAL,HIGH,2025-06-02 11:46:52,REVIEW,1
AP20250317000028,C00006342,DEVICE_SHARE,HIGH,2025-03-17 22:35:05,BLOCK,1
AP20250523000030,C00006243,BATCH_APPLY,LOW,2025-05-23 09:45:43,REVIEW,1
AP20250201000031,C00002813,BATCH_APPLY,MID,2025-02-01 23:32:18,WATCH,1
AP20250319000024,C00004508,DEVICE_SHARE,LOW,2025-03-19 11:33:03,WATCH,1
AP20250202000043,C00004436,GPS_ABNORMAL,LOW,2025-02-02 17:51:00,REVIEW,1
AP20250226000041,C00006563,BATCH_APPLY,LOW,2025-02-26 20:38:30,BLOCK,1
AP20250405000020,C00003866,BATCH_APPLY,MID,2025-04-05 21:12:44,BLOCK,1
AP20250520000039,C00002300,BATCH_APPLY,MID,2025-05-20 17:07:50,WATCH,1
AP20250621000025,C00008742,DEVICE_SHARE,MID,2025-06-21 21:25:49,BLOCK,1
AP20250319000025,C00000181,DEVICE_SHARE,LOW,2025-03-19 00:52:06,BLOCK,1
AP20250209000040,C00003953,GPS_ABNORMAL,LOW,2025-02-09 15:02:01,REVIEW,1
AP20250130000033,C00007295,GPS_ABNORMAL,MID,2025-01-30 19:05:18,REVIEW,1
AP20250523000031,C00009257,DEVICE_SHARE,MID,2025-05-23 22:15:37,BLOCK,1
AP20250426000021,C00005531,DEVICE_SHARE,LOW,2025-04-26 21:22:50,BLOCK,1
AP20250317000029,C00000214,DEVICE_SHARE,LOW,2025-03-17 20:41:28,WATCH,1
AP20250528000020,C00008438,DEVICE_SHARE,HIGH,2025-05-28 15:52:00,BLOCK,1
AP20250303000035,C00005791,DEVICE_SHARE,MID,2025-03-03 21:33:31,REVIEW,1
AP20250511000028,C00003629,BATCH_APPLY,MID,2025-05-11 13:00:28,REVIEW,1
AP20250319000026,C00008560,DEVICE_SHARE,MID,2025-03-19 16:56:50,REVIEW,1
AP20250623000025,C00005756,DEVICE_SHARE,MID,2025-06-23 22:50:32,WATCH,1
AP20250202000047,C00000721,GPS_ABNORMAL,MID,2025-02-02 18:03:37,BLOCK,1
AP20250425000032,C00007683,BATCH_APPLY,MID,2025-04-25 13:04:46,BLOCK,1
AP20250113000016,C00003353,GPS_ABNORMAL,MID,2025-01-13 15:44:24,BLOCK,1
AP20250524000024,C00007633,BATCH_APPLY,LOW,2025-05-24 21:58:15,BLOCK,1
AP20250318000032,C00000414,DEVICE_SHARE,MID,2025-03-18 21:31:49,WATCH,1
AP20250414000020,C00004669,DEVICE_SHARE,HIGH,2025-04-14 13:16:42,REVIEW,1
AP20250310000040,C00005049,GPS_ABNORMAL,HIGH,2025-03-10 20:50:10,REVIEW,1
AP20250116000029,C00006997,GPS_ABNORMAL,HIGH,2025-01-16 19:41:50,BLOCK,1
AP20250127000039,C00002504,BATCH_APPLY,HIGH,2025-01-27 00:36:39,WATCH,1
AP20250402000018,C00009388,GPS_ABNORMAL,MID,2025-04-02 22:04:41,WATCH,1
AP20250313000028,C00007461,DEVICE_SHARE,LOW,2025-03-13 22:54:38,WATCH,1
AP20250227000051,C00001502,DEVICE_SHARE,LOW,2025-02-27 09:28:59,WATCH,1
AP20250204000046,C00003449,BATCH_APPLY,LOW,2025-02-04 14:14:35,BLOCK,1
AP20250117000025,C00003475,GPS_ABNORMAL,LOW,2025-01-17 21:06:05,BLOCK,1
AP20250317000033,C00005814,DEVICE_SHARE,LOW,2025-03-17 13:21:58,WATCH,1
AP20250514000036,C00001784,DEVICE_SHARE,LOW,2025-05-14 12:37:41,BLOCK,1
AP20250325000023,C00004774,GPS_ABNORMAL,LOW,2025-03-25 20:00:24,WATCH,1
AP20250424000029,C00000426,DEVICE_SHARE,MID,2025-04-24 22:26:15,REVIEW,1
AP20250419000027,C00007909,GPS_ABNORMAL,MID,2025-04-19 23:02:15,REVIEW,1
AP20250126000026,C00006720,GPS_ABNORMAL,MID,2025-01-26 17:00:57,BLOCK,1
AP20250328000021,C00000628,DEVICE_SHARE,MID,2025-03-28 07:00:19,WATCH,1
AP20250312000044,C00008426,GPS_ABNORMAL,MID,2025-03-12 13:24:21,WATCH,1
AP20250409000023,C00000392,DEVICE_SHARE,HIGH,2025-04-09 20:47:09,BLOCK,1
AP20250211000067,C00006532,BATCH_APPLY,MID,2025-02-11 00:26:30,WATCH,1
AP20250217000049,C00007406,DEVICE_SHARE,HIGH,2025-02-17 22:33:05,BLOCK,1
AP20250620000034,C00001236,GPS_ABNORMAL,LOW,2025-06-20 18:58:01,BLOCK,1
AP20250607000036,C00002656,GPS_ABNORMAL,LOW,2025-06-07 02:24:18,REVIEW,1
AP20250217000050,C00008972,DEVICE_SHARE,LOW,2025-02-17 10:52:54,REVIEW,1
AP20250402000021,C00003319,DEVICE_SHARE,LOW,2025-04-02 19:25:47,WATCH,1
AP20250513000026,C00003892,GPS_ABNORMAL,LOW,2025-05-13 22:21:48,BLOCK,1
AP20250108000009,C00006356,BATCH_APPLY,MID,2025-01-08 10:25:59,REVIEW,1
AP20250409000027,C00003282,BATCH_APPLY,MID,2025-04-09 23:38:44,WATCH,1
AP20250425000038,C00002841,BATCH_APPLY,LOW,2025-04-25 13:49:42,WATCH,1
AP20250611000034,C00008430,DEVICE_SHARE,HIGH,2025-06-11 20:56:41,BLOCK,1
AP20250319000030,C00009738,DEVICE_SHARE,MID,2025-03-19 10:56:04,BLOCK,1
AP20250407000035,C00005982,GPS_ABNORMAL,LOW,2025-04-07 09:05:43,REVIEW,1
AP20250622000018,C00008307,DEVICE_SHARE,HIGH,2025-06-22 14:03:13,REVIEW,1
AP20250121000026,C00001248,BATCH_APPLY,HIGH,2025-01-21 22:43:46,WATCH,1
AP20250215000055,C00006770,DEVICE_SHARE,LOW,2025-02-15 11:59:59,REVIEW,1
AP20250511000032,C00000382,BATCH_APPLY,LOW,2025-05-11 22:08:39,BLOCK,1
AP20250510000034,C00008072,BATCH_APPLY,LOW,2025-05-10 17:37:08,REVIEW,1
AP20250208000056,C00004910,DEVICE_SHARE,HIGH,2025-02-08 21:47:26,BLOCK,1
AP20250513000030,C00005635,GPS_ABNORMAL,LOW,2025-05-13 12:56:21,WATCH,1
AP20250524000030,C00001979,BATCH_APPLY,LOW,2025-05-24 13:47:20,REVIEW,1
AP20250314000031,C00002146,BATCH_APPLY,MID,2025-03-14 22:20:12,WATCH,1
AP20250509000033,C00004094,GPS_ABNORMAL,MID,2025-05-11 01:10:22,REVIEW,1
AP20250421000019,C00007818,BATCH_APPLY,MID,2025-04-21 13:51:16,REVIEW,1
AP20250427000027,C00008300,GPS_ABNORMAL,MID,2025-04-27 22:07:20,REVIEW,1
AP20250528000027,C00006884,GPS_ABNORMAL,MID,2025-05-28 12:13:38,WATCH,1
AP20250220000060,C00001105,GPS_ABNORMAL,LOW,2025-02-20 14:03:19,REVIEW,1
AP20250212000061,C00004920,GPS_ABNORMAL,HIGH,2025-02-12 14:57:47,BLOCK,1
AP20250123000032,C00001029,BATCH_APPLY,MID,2025-01-23 12:16:57,WATCH,1
AP20250422000028,C00005790,DEVICE_SHARE,LOW,2025-04-22 09:12:23,WATCH,1
AP20250325000025,C00005136,GPS_ABNORMAL,MID,2025-03-25 20:41:14,BLOCK,1
AP20250318000041,C00005251,DEVICE_SHARE,LOW,2025-03-18 22:40:43,WATCH,1
AP20250514000039,C00005286,GPS_ABNORMAL,LOW,2025-05-14 20:00:23,REVIEW,1
AP20250212000063,C00006186,DEVICE_SHARE,LOW,2025-02-12 02:43:47,BLOCK,1
AP20250425000041,C00005524,BATCH_APPLY,HIGH,2025-04-25 21:31:40,WATCH,1
AP20250126000031,C00008570,BATCH_APPLY,HIGH,2025-01-26 13:20:28,WATCH,1
AP20250622000021,C00000725,BATCH_APPLY,HIGH,2025-06-22 22:37:44,REVIEW,1
AP20250213000070,C00006449,BATCH_APPLY,HIGH,2025-02-13 10:51:32,REVIEW,1
AP20250412000037,C00003479,DEVICE_SHARE,LOW,2025-04-12 10:12:38,BLOCK,1
AP20250331000030,C00000820,BATCH_APPLY,LOW,2025-03-31 10:39:11,REVIEW,1
AP20250514000040,C00002891,DEVICE_SHARE,MID,2025-05-14 22:07:15,BLOCK,1
AP20250605000024,C00001045,BATCH_APPLY,HIGH,2025-06-05 22:28:01,BLOCK,1
AP20250504000040,C00002797,GPS_ABNORMAL,HIGH,2025-05-04 20:59:23,REVIEW,1
AP20250311000035,C00002086,GPS_ABNORMAL,LOW,2025-03-11 20:45:40,BLOCK,1
AP20250314000037,C00001192,DEVICE_SHARE,MID,2025-03-14 19:46:16,WATCH,1
AP20250611000036,C00006496,BATCH_APPLY,LOW,2025-06-11 22:12:55,WATCH,1
AP20250516000034,C00005217,BATCH_APPLY,LOW,2025-05-16 13:48:49,WATCH,1
AP20250428000029,C00002056,DEVICE_SHARE,HIGH,2025-04-28 13:49:23,WATCH,1
AP20250515000042,C00005645,DEVICE_SHARE,HIGH,2025-05-15 21:39:19,REVIEW,1
AP20250128000039,C00005160,DEVICE_SHARE,LOW,2025-01-28 22:10:24,WATCH,1
AP20250506000040,C00004813,GPS_ABNORMAL,MID,2025-05-06 13:35:23,BLOCK,1
AP20250423000027,C00005107,DEVICE_SHARE,MID,2025-04-23 19:44:26,WATCH,1
AP20250314000040,C00007374,GPS_ABNORMAL,LOW,2025-03-14 11:46:25,WATCH,1
AP20250621000036,C00008580,DEVICE_SHARE,HIGH,2025-06-21 12:08:10,BLOCK,1
AP20250321000037,C00003843,GPS_ABNORMAL,LOW,2025-03-21 11:00:36,BLOCK,1
AP20250213000075,C00002308,BATCH_APPLY,MID,2025-02-13 13:51:24,REVIEW,1
AP20250215000062,C00002653,BATCH_APPLY,MID,2025-02-15 20:25:59,WATCH,1
AP20250203000075,C00003728,GPS_ABNORMAL,LOW,2025-02-03 21:43:03,BLOCK,1
AP20250408000042,C00003877,DEVICE_SHARE,LOW,2025-04-08 21:08:45,WATCH,1
AP20250422000031,C00002310,BATCH_APPLY,LOW,2025-04-22 09:39:25,WATCH,1
AP20250117000032,C00009408,DEVICE_SHARE,HIGH,2025-01-17 20:46:37,BLOCK,1
AP20250203000076,C00006517,BATCH_APPLY,MID,2025-02-03 00:41:47,WATCH,1
AP20250207000058,C00006182,BATCH_APPLY,MID,2025-02-07 12:23:27,WATCH,1
AP20250601000041,C00007730,BATCH_APPLY,HIGH,2025-06-01 23:05:14,WATCH,1
AP20250224000056,C00004697,BATCH_APPLY,MID,2025-02-24 16:23:54,BLOCK,1
AP20250410000029,C00007113,BATCH_APPLY,MID,2025-04-10 14:00:51,REVIEW,1
AP20250213000077,C00007959,BATCH_APPLY,LOW,2025-02-13 15:34:02,WATCH,1
AP20250215000067,C00008934,GPS_ABNORMAL,LOW,2025-02-15 22:00:07,BLOCK,1
AP20250312000058,C00007220,GPS_ABNORMAL,HIGH,2025-03-12 19:16:04,WATCH,1
AP20250519000047,C00006980,GPS_ABNORMAL,MID,2025-05-19 12:26:06,WATCH,1
AP20250120000036,C00000038,BATCH_APPLY,LOW,2025-01-22 16:39:29,REVIEW,1
AP20250310000054,C00005990,BATCH_APPLY,HIGH,2025-03-10 15:56:20,BLOCK,1
AP20250624000028,C00008779,DEVICE_SHARE,HIGH,2025-06-24 22:33:57,WATCH,1
AP20250318000047,C00007232,DEVICE_SHARE,LOW,2025-03-18 10:11:37,WATCH,1
AP20250517000046,C00008113,GPS_ABNORMAL,MID,2025-05-17 18:50:20,BLOCK,1
AP20250212000072,C00002553,DEVICE_SHARE,MID,2025-02-12 12:03:56,REVIEW,1
AP20250218000082,C00003393,DEVICE_SHARE,HIGH,2025-02-18 21:20:31,WATCH,1
AP20250216000064,C00007339,GPS_ABNORMAL,HIGH,2025-02-16 07:46:11,BLOCK,1
AP20250314000042,C00006297,GPS_ABNORMAL,HIGH,2025-03-14 21:58:47,BLOCK,1
AP20250215000073,C00002438,DEVICE_SHARE,LOW,2025-02-15 21:36:56,BLOCK,1
AP20250311000038,C00005359,GPS_ABNORMAL,MID,2025-03-11 06:39:13,REVIEW,1
AP20250127000054,C00003620,GPS_ABNORMAL,LOW,2025-01-27 19:46:53,REVIEW,1
AP20250421000032,C00007640,GPS_ABNORMAL,LOW,2025-04-21 21:46:14,REVIEW,1
AP20250524000038,C00001596,DEVICE_SHARE,LOW,2025-05-24 17:15:55,BLOCK,1
AP20250215000078,C00002852,DEVICE_SHARE,LOW,2025-02-15 19:48:35,WATCH,1
AP20250619000039,C00008788,DEVICE_SHARE,MID,2025-06-19 22:12:06,BLOCK,1
AP20250507000055,C00003999,BATCH_APPLY,LOW,2025-05-07 06:50:05,BLOCK,1
AP20250116000035,C00009832,GPS_ABNORMAL,MID,2025-01-16 21:28:52,WATCH,1
AP20250217000068,C00002853,DEVICE_SHARE,LOW,2025-02-17 23:32:58,REVIEW,1
AP20250521000041,C00002182,DEVICE_SHARE,LOW,2025-05-21 18:22:49,WATCH,1
AP20250221000080,C00003603,BATCH_APPLY,MID,2025-02-21 09:18:31,WATCH,1
AP20250212000075,C00002951,GPS_ABNORMAL,LOW,2025-02-12 02:10:10,WATCH,1
AP20250110000010,C00009931,GPS_ABNORMAL,HIGH,2025-01-10 14:33:58,REVIEW,1
AP20250213000083,C00007272,BATCH_APPLY,LOW,2025-02-13 12:59:27,REVIEW,1
AP20250524000040,C00006955,DEVICE_SHARE,HIGH,2025-05-24 18:44:37,WATCH,1
AP20250629000025,C00004443,GPS_ABNORMAL,HIGH,2025-06-29 20:10:16,REVIEW,1
AP20250426000029,C00005202,DEVICE_SHARE,MID,2025-04-26 19:08:27,WATCH,1
AP20250219000069,C00006796,BATCH_APPLY,LOW,2025-02-19 12:21:06,WATCH,1
AP20250330000031,C00003345,DEVICE_SHARE,HIGH,2025-03-30 12:28:03,REVIEW,1
AP20250313000043,C00004307,BATCH_APPLY,MID,2025-03-13 13:15:06,REVIEW,1
AP20250502000038,C00009120,BATCH_APPLY,HIGH,2025-05-02 13:27:06,WATCH,1
AP20250329000035,C00008429,DEVICE_SHARE,MID,2025-03-29 13:04:17,REVIEW,1
AP20250321000042,C00008235,DEVICE_SHARE,HIGH,2025-03-21 12:09:36,WATCH,1
AP20250112000019,C00001451,GPS_ABNORMAL,LOW,2025-01-12 18:16:31,WATCH,1
AP20250618000032,C00000347,GPS_ABNORMAL,MID,2025-06-18 14:25:01,WATCH,1
AP20250506000044,C00007923,DEVICE_SHARE,MID,2025-05-06 02:13:56,REVIEW,1
AP20250217000073,C00008138,BATCH_APPLY,MID,2025-02-17 20:46:03,REVIEW,1
AP20250212000076,C00006918,BATCH_APPLY,MID,2025-02-12 20:32:20,REVIEW,1
AP20250618000033,C00006028,DEVICE_SHARE,MID,2025-06-18 22:39:14,REVIEW,1
AP20250202000072,C00009690,BATCH_APPLY,HIGH,2025-02-02 12:39:05,REVIEW,1
AP20250121000034,C00008764,GPS_ABNORMAL,MID,2025-01-21 20:19:19,WATCH,1
AP20250227000070,C00000116,DEVICE_SHARE,LOW,2025-02-27 12:11:09,REVIEW,1
AP20250621000042,C00008435,DEVICE_SHARE,HIGH,2025-06-21 22:43:56,WATCH,1
AP20250223000071,C00000666,BATCH_APPLY,HIGH,2025-02-23 20:37:54,BLOCK,1
AP20250209000058,C00009609,DEVICE_SHARE,MID,2025-02-09 19:07:44,REVIEW,1
AP20250129000057,C00005761,DEVICE_SHARE,LOW,2025-01-29 20:55:30,BLOCK,1
AP20250226000069,C00005560,BATCH_APPLY,LOW,2025-02-26 15:47:33,WATCH,1
AP20250220000074,C00009724,BATCH_APPLY,MID,2025-02-20 16:10:44,WATCH,1
AP20250510000047,C00008450,GPS_ABNORMAL,LOW,2025-05-10 21:06:55,REVIEW,1
AP20250123000044,C00002228,DEVICE_SHARE,LOW,2025-01-23 17:17:23,BLOCK,1
AP20250216000071,C00000262,BATCH_APPLY,LOW,2025-02-16 13:20:32,BLOCK,1
AP20250203000085,C00003393,BATCH_APPLY,LOW,2025-02-03 22:49:28,BLOCK,1
AP20250525000047,C00000324,GPS_ABNORMAL,MID,2025-05-25 02:55:19,BLOCK,1
AP20250323000037,C00009450,DEVICE_SHARE,LOW,2025-03-23 22:27:11,REVIEW,1
AP20250522000047,C00000573,DEVICE_SHARE,LOW,2025-05-22 21:58:45,REVIEW,1
AP20250224000065,C00009003,BATCH_APPLY,MID,2025-02-24 12:27:46,WATCH,1
AP20250117000037,C00007985,GPS_ABNORMAL,LOW,2025-01-17 11:52:32,REVIEW,1
AP20250217000079,C00006056,GPS_ABNORMAL,HIGH,2025-02-17 00:53:03,REVIEW,1
AP20250209000062,C00003172,GPS_ABNORMAL,MID,2025-02-09 16:49:55,WATCH,1
AP20250301000061,C00007659,DEVICE_SHARE,LOW,2025-03-01 11:35:00,WATCH,1
AP20250418000040,C00006089,GPS_ABNORMAL,MID,2025-04-18 14:57:58,WATCH,1
AP20250309000065,C00002997,DEVICE_SHARE,LOW,2025-03-09 22:25:31,BLOCK,1
AP20250523000054,C00003228,DEVICE_SHARE,HIGH,2025-05-23 12:28:13,WATCH,1
AP20250211000090,C00003419,GPS_ABNORMAL,HIGH,2025-02-11 11:38:41,BLOCK,1
AP20250630000030,C00001541,GPS_ABNORMAL,MID,2025-06-30 13:43:00,WATCH,1
AP20250311000042,C00008331,GPS_ABNORMAL,MID,2025-03-11 13:26:29,BLOCK,1
AP20250603000058,C00009835,BATCH_APPLY,MID,2025-06-03 13:30:53,WATCH,1
AP20250525000051,C00000747,BATCH_APPLY,HIGH,2025-05-25 21:24:48,BLOCK,1
AP20250216000074,C00005767,DEVICE_SHARE,HIGH,2025-02-16 13:25:26,BLOCK,1
AP20250223000081,C00006018,DEVICE_SHARE,HIGH,2025-02-23 18:11:39,WATCH,1
AP20250513000041,C00005336,DEVICE_SHARE,HIGH,2025-05-13 14:29:23,WATCH,1
AP20250219000079,C00008716,DEVICE_SHARE,HIGH,2025-02-19 12:45:57,REVIEW,1
AP20250111000017,C00007066,GPS_ABNORMAL,HIGH,2025-01-11 10:38:05,REVIEW,1
AP20250215000085,C00000136,BATCH_APPLY,HIGH,2025-02-15 10:54:00,WATCH,1
AP20250521000050,C00000816,GPS_ABNORMAL,HIGH,2025-05-21 17:03:35,REVIEW,1
AP20250523000057,C00000951,GPS_ABNORMAL,HIGH,2025-05-23 19:00:35,BLOCK,1
AP20250627000032,C00006763,DEVICE_SHARE,MID,2025-06-27 13:51:21,BLOCK,1
AP20250318000053,C00005983,BATCH_APPLY,MID,2025-03-18 09:02:33,WATCH,1
AP20250401000039,C00008333,GPS_ABNORMAL,HIGH,2025-04-01 06:08:00,BLOCK,1
AP20250623000035,C00006064,GPS_ABNORMAL,HIGH,2025-06-23 00:22:14,WATCH,1
AP20250405000031,C00004113,GPS_ABNORMAL,MID,2025-04-05 12:16:53,WATCH,1
AP20250216000075,C00007258,GPS_ABNORMAL,MID,2025-02-16 10:09:11,WATCH,1
AP20250127000067,C00002819,DEVICE_SHARE,LOW,2025-01-27 09:59:30,BLOCK,1
AP20250323000043,C00000053,DEVICE_SHARE,HIGH,2025-03-23 22:23:38,WATCH,1
AP20250221000098,C00007041,GPS_ABNORMAL,HIGH,2025-02-21 02:54:28,REVIEW,1
AP20250502000045,C00009247,GPS_ABNORMAL,LOW,2025-05-02 22:05:39,REVIEW,1
AP20250218000100,C00005424,BATCH_APPLY,MID,2025-02-18 23:13:10,BLOCK,1
AP20250415000036,C00009595,GPS_ABNORMAL,MID,2025-04-15 12:23:06,BLOCK,1
AP20250602000049,C00001698,GPS_ABNORMAL,MID,2025-06-02 21:49:05,WATCH,1
AP20250510000055,C00009150,DEVICE_SHARE,HIGH,2025-05-10 23:10:13,BLOCK,1
AP20250401000045,C00009559,GPS_ABNORMAL,LOW,2025-04-01 01:20:08,REVIEW,1
AP20250304000068,C00007354,BATCH_APPLY,LOW,2025-03-04 21:10:10,REVIEW,1
AP20250108000014,C00001802,GPS_ABNORMAL,HIGH,2025-01-08 15:56:29,REVIEW,1
AP20250130000061,C00001160,GPS_ABNORMAL,LOW,2025-01-30 22:53:43,WATCH,1
AP20250408000047,C00008699,GPS_ABNORMAL,LOW,2025-04-08 12:06:31,WATCH,1
AP20250531000055,C00009869,GPS_ABNORMAL,MID,2025-05-31 22:49:54,REVIEW,1
AP20250313000054,C00000367,BATCH_APPLY,LOW,2025-03-13 13:49:40,WATCH,1
AP20250130000062,C00002177,BATCH_APPLY,HIGH,2025-01-30 13:02:52,BLOCK,1
AP20250326000043,C00001111,GPS_ABNORMAL,LOW,2025-03-26 21:16:04,REVIEW,1
AP20250205000068,C00001011,GPS_ABNORMAL,HIGH,2025-02-05 21:33:11,BLOCK,1
AP20250207000073,C00006008,BATCH_APPLY,HIGH,2025-02-07 14:02:43,REVIEW,1
AP20250419000045,C00001643,BATCH_APPLY,MID,2025-04-19 13:58:38,BLOCK,1
AP20250314000059,C00002596,GPS_ABNORMAL,MID,2025-03-14 21:02:46,REVIEW,1
AP20250516000048,C00005595,DEVICE_SHARE,MID,2025-05-16 12:31:22,BLOCK,1
AP20250307000055,C00000018,BATCH_APPLY,MID,2025-03-07 22:02:59,REVIEW,1
AP20250607000060,C00008547,DEVICE_SHARE,LOW,2025-06-07 21:20:34,REVIEW,1
AP20250321000054,C00000936,GPS_ABNORMAL,MID,2025-03-21 20:41:43,REVIEW,1
AP20250517000062,C00006963,GPS_ABNORMAL,HIGH,2025-05-17 13:28:15,WATCH,1
AP20250216000080,C00007817,GPS_ABNORMAL,HIGH,2025-02-16 18:17:20,REVIEW,1
AP20250328000044,C00009570,GPS_ABNORMAL,LOW,2025-03-28 16:45:53,REVIEW,1
AP20250426000035,C00009517,BATCH_APPLY,LOW,2025-04-26 21:12:34,BLOCK,1
AP20250528000043,C00009361,GPS_ABNORMAL,HIGH,2025-05-28 12:40:58,BLOCK,1
AP20250118000040,C00009274,GPS_ABNORMAL,HIGH,2025-01-18 14:04:21,REVIEW,1
AP20250115000038,C00007424,GPS_ABNORMAL,MID,2025-01-15 00:20:07,WATCH,1
AP20250527000044,C00006321,DEVICE_SHARE,LOW,2025-05-27 07:27:04,BLOCK,1
AP20250312000072,C00004514,GPS_ABNORMAL,HIGH,2025-03-12 13:39:00,BLOCK,1
AP20250223000090,C00002223,BATCH_APPLY,MID,2025-02-23 20:30:23,BLOCK,1
AP20250411000050,C00003232,DEVICE_SHARE,HIGH,2025-04-11 12:13:21,WATCH,1
AP20250327000043,C00002982,DEVICE_SHARE,LOW,2025-03-27 01:28:02,BLOCK,1
AP20250209000079,C00004795,BATCH_APPLY,HIGH,2025-02-09 21:46:26,WATCH,1
AP20250527000045,C00002834,BATCH_APPLY,MID,2025-05-27 21:34:03,WATCH,1
AP20250601000053,C00007224,BATCH_APPLY,HIGH,2025-06-01 12:27:31,REVIEW,1
AP20250128000056,C00008002,BATCH_APPLY,MID,2025-01-28 06:35:39,BLOCK,1
AP20250328000045,C00001797,GPS_ABNORMAL,MID,2025-03-28 12:39:17,BLOCK,1
AP20250620000055,C00009381,BATCH_APPLY,HIGH,2025-06-22 16:05:49,BLOCK,1
AP20250612000049,C00004867,GPS_ABNORMAL,LOW,2025-06-12 12:45:58,REVIEW,1
AP20250129000070,C00004378,GPS_ABNORMAL,HIGH,2025-01-29 12:23:47,WATCH,1
AP20250329000045,C00002794,BATCH_APPLY,LOW,2025-03-29 09:16:07,WATCH,1
AP20250503000053,C00008768,BATCH_APPLY,LOW,2025-05-03 22:03:02,REVIEW,1
AP20250113000032,C00002793,DEVICE_SHARE,LOW,2025-01-13 13:20:17,BLOCK,1
AP20250131000071,C00001954,DEVICE_SHARE,HIGH,2025-01-31 02:33:12,REVIEW,1
AP20250304000072,C00004908,DEVICE_SHARE,HIGH,2025-03-04 07:53:34,WATCH,1
AP20250615000044,C00000263,BATCH_APPLY,MID,2025-06-15 13:21:42,BLOCK,1
AP20250523000069,C00007642,BATCH_APPLY,LOW,2025-05-23 16:18:45,REVIEW,1
AP20250424000050,C00009062,BATCH_APPLY,LOW,2025-04-24 16:53:33,BLOCK,1
AP20250223000093,C00002429,BATCH_APPLY,LOW,2025-02-23 20:42:58,REVIEW,1
AP20250407000051,C00001498,GPS_ABNORMAL,HIGH,2025-04-07 20:23:01,REVIEW,1
AP20250209000083,C00007229,GPS_ABNORMAL,HIGH,2025-02-09 19:30:09,REVIEW,1
AP20250503000055,C00002006,BATCH_APPLY,MID,2025-05-03 22:22:50,WATCH,1
AP20250612000051,C00008167,DEVICE_SHARE,LOW,2025-06-12 21:20:07,BLOCK,1
AP20250113000034,C00001641,BATCH_APPLY,LOW,2025-01-13 14:01:46,BLOCK,1
AP20250205000079,C00009180,DEVICE_SHARE,LOW,2025-02-05 12:36:38,WATCH,1
AP20250326000047,C00009970,GPS_ABNORMAL,HIGH,2025-03-26 16:22:50,REVIEW,1
AP20250222000096,C00005312,GPS_ABNORMAL,LOW,2025-02-22 02:41:00,WATCH,1
AP20250127000077,C00000370,BATCH_APPLY,LOW,2025-01-27 20:43:13,BLOCK,1
AP20250207000088,C00000512,GPS_ABNORMAL,HIGH,2025-02-07 14:02:16,REVIEW,1
AP20250212000097,C00002332,DEVICE_SHARE,MID,2025-02-12 14:02:16,BLOCK,1
AP20250410000042,C00008729,DEVICE_SHARE,LOW,2025-04-10 07:59:20,REVIEW,1
AP20250126000043,C00006291,BATCH_APPLY,HIGH,2025-01-26 15:27:56,BLOCK,1
AP20250510000063,C00005939,BATCH_APPLY,HIGH,2025-05-10 22:55:20,BLOCK,1
AP20250508000058,C00008893,GPS_ABNORMAL,MID,2025-05-08 20:30:39,REVIEW,1
AP20250622000038,C00001367,DEVICE_SHARE,MID,2025-06-22 12:56:27,WATCH,1
AP20250425000058,C00006655,DEVICE_SHARE,HIGH,2025-04-25 20:39:31,REVIEW,1
AP20250208000094,C00009474,DEVICE_SHARE,MID,2025-02-08 13:49:08,BLOCK,1
AP20250210000088,C00002525,BATCH_APPLY,HIGH,2025-02-10 12:53:19,REVIEW,1
AP20250217000098,C00002430,DEVICE_SHARE,MID,2025-02-17 09:17:55,WATCH,1
AP20250219000094,C00006974,GPS_ABNORMAL,HIGH,2025-02-19 18:44:16,BLOCK,1
AP20250129000075,C00001577,BATCH_APPLY,HIGH,2025-01-29 22:17:10,REVIEW,1
AP20250303000075,C00009644,GPS_ABNORMAL,MID,2025-03-03 09:40:00,REVIEW,1
AP20250612000056,C00009770,GPS_ABNORMAL,MID,2025-06-12 06:09:37,BLOCK,1
AP20250618000045,C00008259,BATCH_APPLY,MID,2025-06-18 08:46:09,REVIEW,1
AP20250127000079,C00001131,BATCH_APPLY,HIGH,2025-01-27 12:10:40,REVIEW,1
AP20250202000091,C00007211,DEVICE_SHARE,MID,2025-02-02 12:55:23,REVIEW,1
AP20250209000087,C00005855,GPS_ABNORMAL,HIGH,2025-02-09 12:32:40,REVIEW,1
AP20250111000019,C00003080,DEVICE_SHARE,MID,2025-01-11 21:58:11,WATCH,1
AP20250323000049,C00003539,BATCH_APPLY,MID,2025-03-23 00:42:38,WATCH,1
AP20250613000049,C00002117,DEVICE_SHARE,MID,2025-06-13 12:21:07,BLOCK,1
AP20250426000041,C00002798,BATCH_APPLY,MID,2025-04-26 22:33:16,BLOCK,1
AP20250507000074,C00002093,BATCH_APPLY,LOW,2025-05-07 13:08:40,WATCH,1
AP20250627000038,C00000159,GPS_ABNORMAL,LOW,2025-06-27 21:04:22,REVIEW,1
AP20250302000098,C00003560,GPS_ABNORMAL,HIGH,2025-03-02 01:11:41,WATCH,1
AP20250408000055,C00006479,BATCH_APPLY,HIGH,2025-04-08 20:59:36,WATCH,1
AP20250219000095,C00006445,GPS_ABNORMAL,HIGH,2025-02-19 20:51:48,BLOCK,1
AP20250325000042,C00001138,GPS_ABNORMAL,LOW,2025-03-25 19:29:05,BLOCK,1
AP20250315000062,C00001768,DEVICE_SHARE,MID,2025-03-15 12:07:31,BLOCK,1
AP20250618000047,C00000708,GPS_ABNORMAL,HIGH,2025-06-18 22:07:55,BLOCK,1
AP20250515000065,C00002939,BATCH_APPLY,MID,2025-05-15 20:29:08,REVIEW,1
AP20250616000055,C00009732,DEVICE_SHARE,HIGH,2025-06-16 17:22:26,REVIEW,1
AP20250523000076,C00008128,DEVICE_SHARE,MID,2025-05-23 20:17:05,BLOCK,1
AP20250519000072,C00000799,GPS_ABNORMAL,MID,2025-05-19 22:23:09,REVIEW,1
AP20250415000042,C00007811,BATCH_APPLY,MID,2025-04-15 20:54:31,BLOCK,1
AP20250117000045,C00001371,BATCH_APPLY,LOW,2025-01-17 12:09:39,REVIEW,1
AP20250617000039,C00005189,BATCH_APPLY,MID,2025-06-17 07:43:25,WATCH,1
AP20250418000056,C00001411,GPS_ABNORMAL,HIGH,2025-04-18 22:58:21,REVIEW,1
AP20250204000084,C00006641,GPS_ABNORMAL,HIGH,2025-02-04 13:07:52,BLOCK,1
AP20250311000052,C00005825,DEVICE_SHARE,MID,2025-03-11 13:45:55,BLOCK,1
AP20250429000058,C00002699,BATCH_APPLY,HIGH,2025-04-29 21:37:25,BLOCK,1
AP20250604000048,C00004681,DEVICE_SHARE,LOW,2025-06-04 22:28:39,BLOCK,1
AP20250427000048,C00007721,BATCH_APPLY,HIGH,2025-04-27 21:26:10,WATCH,1
AP20250425000065,C00006215,BATCH_APPLY,HIGH,2025-04-25 13:27:13,REVIEW,1
AP20250528000056,C00000209,GPS_ABNORMAL,HIGH,2025-05-28 01:23:10,BLOCK,1
AP20250418000059,C00009637,GPS_ABNORMAL,LOW,2025-04-18 14:02:44,REVIEW,1
AP20250206000078,C00001270,DEVICE_SHARE,HIGH,2025-02-06 13:34:59,REVIEW,1
AP20250221000117,C00000652,BATCH_APPLY,HIGH,2025-02-21 14:35:21,REVIEW,1
AP20250216000090,C00008827,DEVICE_SHARE,MID,2025-02-16 22:24:46,BLOCK,1
AP20250221000118,C00006931,BATCH_APPLY,HIGH,2025-02-21 17:30:52,REVIEW,1
AP20250602000059,C00002200,BATCH_APPLY,LOW,2025-06-02 22:07:34,BLOCK,1
AP20250212000113,C00009243,BATCH_APPLY,HIGH,2025-02-12 21:48:44,REVIEW,1
AP20250402000049,C00009210,GPS_ABNORMAL,MID,2025-04-02 12:43:54,WATCH,1
AP20250502000066,C00004040,BATCH_APPLY,LOW,2025-05-02 22:02:07,BLOCK,1
AP20250618000054,C00009233,DEVICE_SHARE,HIGH,2025-06-18 19:59:21,REVIEW,1
AP20250317000068,C00004695,BATCH_APPLY,HIGH,2025-03-17 14:45:01,BLOCK,1
AP20250205000090,C00001386,BATCH_APPLY,LOW,2025-02-05 13:20:10,REVIEW,1
AP20250617000043,C00008383,DEVICE_SHARE,HIGH,2025-06-17 21:06:48,REVIEW,1
AP20250518000063,C00009778,BATCH_APPLY,HIGH,2025-05-18 22:14:01,REVIEW,1
AP20250614000049,C00009885,GPS_ABNORMAL,LOW,2025-06-14 19:33:15,REVIEW,1
AP20250527000051,C00007172,DEVICE_SHARE,MID,2025-05-27 21:53:27,WATCH,1
AP20250615000049,C00009912,BATCH_APPLY,LOW,2025-06-15 12:53:57,BLOCK,1
AP20250507000079,C00009770,BATCH_APPLY,MID,2025-05-07 19:55:57,WATCH,1
AP20250516000065,C00002746,BATCH_APPLY,LOW,2025-05-16 21:34:36,WATCH,1
AP20250517000069,C00002008,DEVICE_SHARE,LOW,2025-05-17 13:49:54,WATCH,1
AP20250414000046,C00004467,DEVICE_SHARE,MID,2025-04-14 18:42:51,WATCH,1
AP20250228000103,C00005334,BATCH_APPLY,LOW,2025-02-28 12:21:43,REVIEW,1
AP20250427000056,C00000247,BATCH_APPLY,LOW,2025-04-27 17:31:25,REVIEW,1
AP20250217000109,C00000373,BATCH_APPLY,HIGH,2025-02-17 10:56:36,BLOCK,1
AP20250221000121,C00003841,BATCH_APPLY,HIGH,2025-02-21 13:02:17,WATCH,1
AP20250226000098,C00001838,GPS_ABNORMAL,LOW,2025-02-26 14:01:24,WATCH,1
AP20250129000079,C00007913,BATCH_APPLY,LOW,2025-01-29 12:57:43,WATCH,1
AP20250212000117,C00005685,BATCH_APPLY,MID,2025-02-12 20:52:28,WATCH,1
AP20250104000005,C00001001,BATCH_APPLY,HIGH,2025-01-04 21:56:09,WATCH,1
AP20250308000073,C00000697,BATCH_APPLY,MID,2025-03-08 16:13:52,REVIEW,1
AP20250526000056,C00008285,GPS_ABNORMAL,HIGH,2025-05-26 20:05:39,REVIEW,1
AP20250221000124,C00003339,GPS_ABNORMAL,MID,2025-02-21 01:23:21,WATCH,1
AP20250529000052,C00003181,BATCH_APPLY,LOW,2025-05-29 13:57:04,REVIEW,1
AP20250614000053,C00001424,DEVICE_SHARE,HIGH,2025-06-14 21:25:05,WATCH,1
AP20250522000067,C00000776,BATCH_APPLY,MID,2025-05-22 15:01:42,REVIEW,1
AP20250204000095,C00003413,GPS_ABNORMAL,MID,2025-02-04 22:21:11,WATCH,1
AP20250228000107,C00008714,DEVICE_SHARE,MID,2025-02-28 21:20:16,BLOCK,1
AP20250425000072,C00008641,BATCH_APPLY,MID,2025-04-25 19:23:52,BLOCK,1
AP20250304000089,C00000875,DEVICE_SHARE,HIGH,2025-03-04 22:28:37,REVIEW,1
AP20250228000108,C00005488,DEVICE_SHARE,HIGH,2025-02-28 12:54:10,BLOCK,1
AP20250329000060,C00001440,BATCH_APPLY,HIGH,2025-03-29 07:49:06,WATCH,1
AP20250503000070,C00006399,GPS_ABNORMAL,MID,2025-05-03 11:12:13,BLOCK,1
AP20250401000055,C00003302,DEVICE_SHARE,LOW,2025-04-01 12:24:57,BLOCK,1
AP20250520000089,C00004220,DEVICE_SHARE,LOW,2025-05-20 13:37:28,WATCH,1
AP20250316000060,C00001688,BATCH_APPLY,HIGH,2025-03-16 13:08:55,REVIEW,1
AP20250423000062,C00004363,BATCH_APPLY,MID,2025-04-23 22:37:50,WATCH,1
AP20250316000062,C00000928,GPS_ABNORMAL,LOW,2025-03-16 20:35:37,WATCH,1
AP20250525000071,C00004875,DEVICE_SHARE,HIGH,2025-05-25 08:45:12,REVIEW,1
AP20250202000108,C00009634,BATCH_APPLY,LOW,2025-02-02 07:23:39,BLOCK,1
AP20250612000066,C00007906,GPS_ABNORMAL,HIGH,2025-06-12 13:12:41,WATCH,1
AP20250327000052,C00009850,GPS_ABNORMAL,MID,2025-03-27 19:51:44,BLOCK,1
AP20250404000038,C00007739,DEVICE_SHARE,LOW,2025-04-04 21:16:01,WATCH,1
AP20250212000124,C00003715,BATCH_APPLY,MID,2025-02-12 20:23:57,REVIEW,1
AP20250223000107,C00005788,DEVICE_SHARE,LOW,2025-02-23 12:47:39,REVIEW,1
AP20250508000073,C00008307,BATCH_APPLY,MID,2025-05-08 13:54:10,BLOCK,1
AP20250307000078,C00005823,GPS_ABNORMAL,MID,2025-03-07 13:08:57,BLOCK,1
AP20250519000082,C00002324,DEVICE_SHARE,HIGH,2025-05-19 20:46:30,BLOCK,1
AP20250315000072,C00007237,GPS_ABNORMAL,MID,2025-03-15 13:48:11,BLOCK,1
AP20250117000049,C00005319,GPS_ABNORMAL,MID,2025-01-17 13:51:06,WATCH,1
AP20250427000059,C00001956,DEVICE_SHARE,MID,2025-04-27 21:39:01,REVIEW,1
AP20250125000067,C00007081,GPS_ABNORMAL,LOW,2025-01-25 13:59:41,WATCH,1
AP20250610000046,C00003905,DEVICE_SHARE,HIGH,2025-06-10 21:54:54,REVIEW,1
AP20250224000102,C00000224,GPS_ABNORMAL,HIGH,2025-02-24 20:41:15,WATCH,1
AP20250619000056,C00009361,DEVICE_SHARE,LOW,2025-06-19 13:03:45,WATCH,1
AP20250627000047,C00002001,GPS_ABNORMAL,LOW,2025-06-27 20:30:33,WATCH,1
AP20250212000128,C00000594,GPS_ABNORMAL,MID,2025-02-12 22:02:49,WATCH,1
AP20250226000104,C00006054,DEVICE_SHARE,MID,2025-02-26 18:41:47,BLOCK,1
AP20250215000119,C00009784,GPS_ABNORMAL,MID,2025-02-15 22:25:10,WATCH,1
AP20250331000062,C00008641,GPS_ABNORMAL,LOW,2025-03-31 20:20:52,WATCH,1
AP20250213000120,C00007180,BATCH_APPLY,LOW,2025-02-13 12:35:26,BLOCK,1
AP20250211000127,C00001632,BATCH_APPLY,MID,2025-02-11 10:44:33,WATCH,1
AP20250418000067,C00006482,DEVICE_SHARE,LOW,2025-04-18 20:53:12,WATCH,1
AP20250305000095,C00001079,BATCH_APPLY,MID,2025-03-05 20:35:23,REVIEW,1
AP20250228000114,C00008357,BATCH_APPLY,MID,2025-02-28 12:03:22,WATCH,1
AP20250310000090,C00006078,DEVICE_SHARE,MID,2025-03-10 22:27:55,BLOCK,1
AP20250520000093,C00007032,DEVICE_SHARE,HIGH,2025-05-20 11:31:45,WATCH,1
AP20250212000129,C00007681,GPS_ABNORMAL,HIGH,2025-02-12 10:20:25,WATCH,1
AP20250507000087,C00005053,GPS_ABNORMAL,MID,2025-05-07 13:44:12,REVIEW,1
AP20250319000056,C00003875,DEVICE_SHARE,MID,2025-03-19 11:01:46,BLOCK,1
AP20250221000134,C00003172,BATCH_APPLY,MID,2025-02-21 10:13:27,WATCH,1
AP20250325000062,C00004058,GPS_ABNORMAL,HIGH,2025-03-25 21:10:02,BLOCK,1
AP20250324000060,C00009953,BATCH_APPLY,MID,2025-03-24 22:05:03,BLOCK,1
AP20250312000094,C00003384,BATCH_APPLY,HIGH,2025-03-12 10:08:22,REVIEW,1
AP20250608000065,C00009989,DEVICE_SHARE,LOW,2025-06-08 21:46:30,BLOCK,1
AP20250208000117,C00009329,GPS_ABNORMAL,HIGH,2025-02-08 15:00:50,BLOCK,1
AP20250121000055,C00000938,GPS_ABNORMAL,MID,2025-01-21 12:11:09,WATCH,1
AP20250507000089,C00006696,DEVICE_SHARE,HIGH,2025-05-07 08:50:59,WATCH,1
AP20250118000046,C00003515,DEVICE_SHARE,HIGH,2025-01-18 12:30:23,BLOCK,1
AP20250306000093,C00002233,GPS_ABNORMAL,MID,2025-03-06 11:02:23,BLOCK,1
AP20250313000079,C00003942,DEVICE_SHARE,HIGH,2025-03-13 13:46:31,REVIEW,1
AP20250203000123,C00004298,BATCH_APPLY,MID,2025-02-03 13:08:26,WATCH,1
AP20250509000073,C00003990,DEVICE_SHARE,MID,2025-05-09 18:57:02,REVIEW,1
AP20250218000144,C00001955,BATCH_APPLY,MID,2025-02-18 21:20:55,BLOCK,1
AP20250517000076,C00009952,DEVICE_SHARE,MID,2025-05-17 13:24:41,BLOCK,1
AP20250426000054,C00009535,GPS_ABNORMAL,HIGH,2025-04-26 20:56:45,WATCH,1
AP20250202000117,C00006244,GPS_ABNORMAL,LOW,2025-02-02 21:45:38,REVIEW,1
AP20250424000068,C00004394,DEVICE_SHARE,LOW,2025-04-24 16:45:45,BLOCK,1
AP20250611000072,C00004540,BATCH_APPLY,LOW,2025-06-11 23:47:00,BLOCK,1
AP20250319000058,C00007699,GPS_ABNORMAL,LOW,2025-03-19 13:48:47,WATCH,1
AP20250126000056,C00009590,GPS_ABNORMAL,LOW,2025-01-26 17:56:01,WATCH,1
AP20250514000071,C00006480,BATCH_APPLY,MID,2025-05-14 22:07:45,REVIEW,1
AP20250405000053,C00003205,BATCH_APPLY,HIGH,2025-04-05 20:26:15,BLOCK,1
AP20250607000076,C00000644,GPS_ABNORMAL,HIGH,2025-06-07 20:59:32,WATCH,1
AP20250521000075,C00000445,GPS_ABNORMAL,MID,2025-05-21 20:29:15,REVIEW,1
AP20250124000071,C00002730,GPS_ABNORMAL,LOW,2025-01-24 11:13:14,WATCH,1
AP20250315000079,C00005818,DEVICE_SHARE,HIGH,2025-03-15 20:33:47,REVIEW,1
AP20250202000118,C00005638,DEVICE_SHARE,LOW,2025-02-02 07:28:09,WATCH,1
AP20250625000058,C00001844,GPS_ABNORMAL,HIGH,2025-06-25 23:22:56,REVIEW,1
AP20250608000067,C00002096,GPS_ABNORMAL,MID,2025-06-08 10:26:02,REVIEW,1
AP20250609000058,C00007948,GPS_ABNORMAL,LOW,2025-06-09 14:49:57,REVIEW,1
AP20250309000093,C00007619,DEVICE_SHARE,LOW,2025-03-09 20:46:26,REVIEW,1
AP20250401000060,C00008170,BATCH_APPLY,HIGH,2025-04-01 12:19:42,WATCH,1
AP20250217000136,C00001343,GPS_ABNORMAL,MID,2025-02-17 21:17:14,WATCH,1
AP20250225000119,C00002792,BATCH_APPLY,MID,2025-02-25 20:56:36,WATCH,1
AP20250124000075,C00005094,GPS_ABNORMAL,MID,2025-01-26 05:35:35,WATCH,1
AP20250221000140,C00004299,BATCH_APPLY,MID,2025-02-21 15:12:11,WATCH,1
AP20250414000057,C00004162,DEVICE_SHARE,HIGH,2025-04-14 12:54:19,REVIEW,1
AP20250319000059,C00002543,BATCH_APPLY,LOW,2025-03-19 21:34:18,WATCH,1
AP20250516000080,C00000786,GPS_ABNORMAL,LOW,2025-05-16 20:24:38,BLOCK,1
AP20250314000082,C00006612,GPS_ABNORMAL,MID,2025-03-14 20:58:40,REVIEW,1
AP20250607000082,C00007844,GPS_ABNORMAL,LOW,2025-06-07 12:07:43,WATCH,1
AP20250328000062,C00001352,DEVICE_SHARE,HIGH,2025-03-28 10:58:29,REVIEW,1
AP20250614000065,C00007399,BATCH_APPLY,LOW,2025-06-14 19:37:52,WATCH,1
AP20250228000120,C00003854,DEVICE_SHARE,LOW,2025-02-28 11:18:31,REVIEW,1
AP20250620000076,C00009998,DEVICE_SHARE,HIGH,2025-06-20 06:43:32,BLOCK,1
AP20250203000130,C00003832,DEVICE_SHARE,HIGH,2025-02-03 14:42:24,REVIEW,1
AP20250116000054,C00003569,BATCH_APPLY,MID,2025-01-16 13:44:20,REVIEW,1
AP20250417000069,C00002859,BATCH_APPLY,LOW,2025-04-17 13:18:56,BLOCK,1
AP20250307000084,C00005540,DEVICE_SHARE,HIGH,2025-03-07 22:51:24,REVIEW,1
AP20250302000114,C00002131,DEVICE_SHARE,HIGH,2025-03-02 21:46:46,REVIEW,1
AP20250318000075,C00001351,BATCH_APPLY,HIGH,2025-03-18 11:02:35,BLOCK,1
AP20250519000094,C00000554,DEVICE_SHARE,MID,2025-05-19 21:29:02,BLOCK,1
AP20250313000085,C00009636,GPS_ABNORMAL,MID,2025-03-13 13:17:23,BLOCK,1
AP20250612000073,C00008168,BATCH_APPLY,HIGH,2025-06-12 15:29:10,WATCH,1
AP20250510000081,C00001157,GPS_ABNORMAL,LOW,2025-05-10 20:46:56,REVIEW,1
AP20250414000062,C00001004,BATCH_APPLY,LOW,2025-04-14 13:58:03,WATCH,1
AP20250413000063,C00008225,GPS_ABNORMAL,LOW,2025-04-13 20:57:56,WATCH,1
AP20250612000075,C00003983,DEVICE_SHARE,LOW,2025-06-12 22:33:07,WATCH,1
AP20250407000068,C00006141,DEVICE_SHARE,HIGH,2025-04-07 13:37:51,BLOCK,1
AP20250312000106,C00009597,BATCH_APPLY,HIGH,2025-03-12 18:15:23,REVIEW,1
AP20250511000076,C00002738,GPS_ABNORMAL,HIGH,2025-05-11 17:14:15,WATCH,1
AP20250406000063,C00001312,DEVICE_SHARE,HIGH,2025-04-06 13:52:13,WATCH,1
AP20250616000072,C00008430,BATCH_APPLY,MID,2025-06-16 22:30:07,BLOCK,1
AP20250205000111,C00008198,DEVICE_SHARE,LOW,2025-02-05 19:46:51,BLOCK,1
AP20250325000068,C00003245,DEVICE_SHARE,MID,2025-03-25 22:56:43,WATCH,1
AP20250615000062,C00006063,GPS_ABNORMAL,MID,2025-06-15 16:47:59,BLOCK,1
AP20250308000094,C00005856,DEVICE_SHARE,HIGH,2025-03-08 21:29:25,REVIEW,1
AP20250130000097,C00003335,DEVICE_SHARE,MID,2025-01-30 12:48:11,REVIEW,1
AP20250510000084,C00006680,DEVICE_SHARE,HIGH,2025-05-10 22:24:16,REVIEW,1
AP20250131000101,C00005274,DEVICE_SHARE,LOW,2025-01-31 13:15:27,REVIEW,1
AP20250220000136,C00001834,BATCH_APPLY,LOW,2025-02-20 18:04:04,BLOCK,1
AP20250120000063,C00009875,GPS_ABNORMAL,MID,2025-01-20 20:59:17,REVIEW,1
AP20250223000128,C00003646,BATCH_APPLY,LOW,2025-02-23 17:53:19,BLOCK,1
AP20250323000069,C00009834,DEVICE_SHARE,MID,2025-03-23 13:58:31,BLOCK,1
AP20250405000055,C00004987,BATCH_APPLY,MID,2025-04-05 18:20:10,BLOCK,1
AP20250613000067,C00001047,BATCH_APPLY,HIGH,2025-06-13 19:23:57,REVIEW,1
AP20250205000112,C00002294,BATCH_APPLY,LOW,2025-02-05 14:35:43,REVIEW,1
AP20250403000049,C00005411,BATCH_APPLY,MID,2025-04-03 15:28:48,BLOCK,1
AP20250225000132,C00008273,BATCH_APPLY,HIGH,2025-02-25 09:05:44,BLOCK,1
AP20250123000075,C00001767,GPS_ABNORMAL,MID,2025-01-23 12:47:27,BLOCK,1
AP20250303000102,C00002570,DEVICE_SHARE,HIGH,2025-03-03 12:32:16,WATCH,1
AP20250514000083,C00003553,GPS_ABNORMAL,LOW,2025-05-14 20:33:19,BLOCK,1
AP20250518000072,C00002621,BATCH_APPLY,HIGH,2025-05-18 15:22:13,BLOCK,1
AP20250615000066,C00008678,DEVICE_SHARE,MID,2025-06-15 07:47:51,WATCH,1
AP20250219000144,C00003769,BATCH_APPLY,LOW,2025-02-19 02:25:58,REVIEW,1
AP20250223000133,C00009047,DEVICE_SHARE,MID,2025-02-23 21:27:21,BLOCK,1
AP20250517000092,C00006884,DEVICE_SHARE,MID,2025-05-17 09:17:04,WATCH,1
AP20250131000107,C00002160,DEVICE_SHARE,MID,2025-01-31 13:17:42,BLOCK,1
AP20250223000135,C00004820,GPS_ABNORMAL,HIGH,2025-02-23 22:18:19,REVIEW,1
AP20250218000161,C00004881,GPS_ABNORMAL,HIGH,2025-02-18 02:58:49,REVIEW,1
AP20250226000129,C00004362,BATCH_APPLY,HIGH,2025-02-26 12:05:23,WATCH,1
AP20250313000094,C00005349,BATCH_APPLY,LOW,2025-03-13 12:40:51,REVIEW,1
AP20250214000114,C00005020,GPS_ABNORMAL,HIGH,2025-02-14 19:14:32,BLOCK,1
AP20250507000101,C00000579,GPS_ABNORMAL,HIGH,2025-05-07 11:45:34,WATCH,1
AP20250617000057,C00008457,GPS_ABNORMAL,LOW,2025-06-17 15:27:47,REVIEW,1
AP20250404000060,C00006367,DEVICE_SHARE,HIGH,2025-04-04 20:55:47,BLOCK,1
AP20250209000116,C00003620,DEVICE_SHARE,HIGH,2025-02-09 06:56:19,BLOCK,1
AP20250111000032,C00007796,BATCH_APPLY,MID,2025-01-11 20:55:58,WATCH,1
AP20250305000115,C00002578,DEVICE_SHARE,MID,2025-03-05 19:20:24,WATCH,1
AP20250319000065,C00002768,BATCH_APPLY,LOW,2025-03-19 13:21:59,BLOCK,1
AP20250615000072,C00003612,BATCH_APPLY,MID,2025-06-15 18:40:40,BLOCK,1
AP20250615000073,C00002796,DEVICE_SHARE,MID,2025-06-15 12:52:26,BLOCK,1
AP20250316000077,C00006130,DEVICE_SHARE,MID,2025-03-16 20:28:45,BLOCK,1
AP20250618000077,C00002796,GPS_ABNORMAL,LOW,2025-06-18 13:47:05,WATCH,1
AP20250408000075,C00000414,BATCH_APPLY,LOW,2025-04-08 12:15:15,REVIEW,1
AP20250512000089,C00006715,BATCH_APPLY,LOW,2025-05-12 22:39:20,BLOCK,1
AP20250418000080,C00004586,BATCH_APPLY,LOW,2025-04-18 07:45:49,REVIEW,1
AP20250215000141,C00008533,BATCH_APPLY,MID,2025-02-15 10:26:25,WATCH,1
AP20250331000070,C00006382,GPS_ABNORMAL,HIGH,2025-03-31 22:45:00,BLOCK,1
AP20250608000077,C00000877,GPS_ABNORMAL,HIGH,2025-06-08 22:52:04,BLOCK,1
AP20250603000076,C00009358,BATCH_APPLY,LOW,2025-06-03 14:43:39,REVIEW,1
AP20250404000062,C00009892,GPS_ABNORMAL,LOW,2025-04-04 17:22:02,REVIEW,1
AP20250516000091,C00007095,GPS_ABNORMAL,MID,2025-05-16 12:32:14,BLOCK,1
AP20250627000064,C00008671,BATCH_APPLY,LOW,2025-06-27 11:51:02,BLOCK,1
AP20250610000060,C00008464,GPS_ABNORMAL,HIGH,2025-06-10 11:21:18,BLOCK,1
AP20250214000121,C00004353,BATCH_APPLY,MID,2025-02-14 09:45:59,BLOCK,1
AP20250312000114,C00003821,DEVICE_SHARE,HIGH,2025-03-12 17:10:54,REVIEW,1
AP20250202000132,C00004671,DEVICE_SHARE,MID,2025-02-02 20:47:07,WATCH,1
AP20250202000133,C00002970,BATCH_APPLY,MID,2025-02-02 07:22:35,WATCH,1
AP20250515000087,C00007514,GPS_ABNORMAL,MID,2025-05-15 22:44:47,WATCH,1
AP20250327000064,C00008421,DEVICE_SHARE,MID,2025-03-27 22:51:04,BLOCK,1
AP20250203000144,C00003233,GPS_ABNORMAL,LOW,2025-02-03 12:29:27,WATCH,1
AP20250122000071,C00004973,GPS_ABNORMAL,LOW,2025-01-22 22:02:00,BLOCK,1
AP20250217000148,C00004045,DEVICE_SHARE,MID,2025-02-17 22:45:05,BLOCK,1
AP20250208000144,C00005098,BATCH_APPLY,MID,2025-02-08 13:48:58,REVIEW,1
AP20250204000125,C00000575,DEVICE_SHARE,LOW,2025-02-04 12:05:08,WATCH,1
AP20250518000078,C00004245,GPS_ABNORMAL,MID,2025-05-18 06:17:12,WATCH,1
AP20250512000094,C00009259,GPS_ABNORMAL,LOW,2025-05-12 10:11:49,REVIEW,1
AP20250116000064,C00000322,DEVICE_SHARE,LOW,2025-01-16 13:35:55,WATCH,1
AP20250223000145,C00000192,DEVICE_SHARE,LOW,2025-02-23 21:31:47,BLOCK,1
AP20250324000073,C00000945,GPS_ABNORMAL,HIGH,2025-03-24 21:40:09,WATCH,1
AP20250401000070,C00009793,BATCH_APPLY,MID,2025-04-01 23:46:16,REVIEW,1
AP20250418000083,C00007627,GPS_ABNORMAL,LOW,2025-04-18 18:41:37,REVIEW,1
AP20250224000127,C00007889,DEVICE_SHARE,MID,2025-02-24 19:05:31,WATCH,1
AP20250521000086,C00003804,DEVICE_SHARE,LOW,2025-05-21 12:36:03,REVIEW,1
AP20250108000028,C00006645,GPS_ABNORMAL,LOW,2025-01-08 09:42:20,BLOCK,1
AP20250122000072,C00002552,BATCH_APPLY,LOW,2025-01-22 13:19:42,REVIEW,1
AP20250406000070,C00001482,GPS_ABNORMAL,MID,2025-04-06 09:49:21,BLOCK,1
AP20250115000060,C00007379,GPS_ABNORMAL,HIGH,2025-01-15 12:28:46,WATCH,1
AP20250224000130,C00004661,BATCH_APPLY,LOW,2025-02-24 21:21:53,WATCH,1
AP20250601000092,C00007048,BATCH_APPLY,MID,2025-06-01 19:59:25,WATCH,1
AP20250417000074,C00006589,GPS_ABNORMAL,LOW,2025-04-17 10:48:38,REVIEW,1
AP20250306000109,C00004689,GPS_ABNORMAL,MID,2025-03-06 21:14:40,WATCH,1
AP20250302000128,C00003173,BATCH_APPLY,LOW,2025-03-02 22:58:42,WATCH,1
AP20250207000155,C00004481,DEVICE_SHARE,HIGH,2025-02-07 13:43:45,BLOCK,1
AP20250320000088,C00001779,BATCH_APPLY,MID,2025-03-20 19:25:36,BLOCK,1
AP20250407000078,C00005941,GPS_ABNORMAL,MID,2025-04-07 21:14:35,WATCH,1
AP20250327000070,C00008871,DEVICE_SHARE,LOW,2025-03-27 19:46:13,WATCH,1
AP20250207000156,C00001485,DEVICE_SHARE,MID,2025-02-07 11:28:42,BLOCK,1
AP20250621000069,C00009951,BATCH_APPLY,HIGH,2025-06-21 13:01:05,WATCH,1
AP20250608000084,C00003443,BATCH_APPLY,LOW,2025-06-08 14:02:24,WATCH,1
AP20250528000084,C00004713,DEVICE_SHARE,LOW,2025-05-28 15:59:17,BLOCK,1
AP20250624000063,C00000831,GPS_ABNORMAL,LOW,2025-06-24 21:23:30,WATCH,1
AP20250216000127,C00006203,BATCH_APPLY,HIGH,2025-02-16 12:36:05,BLOCK,1
AP20250401000073,C00004991,GPS_ABNORMAL,MID,2025-04-01 21:09:18,BLOCK,1
AP20250203000151,C00006460,GPS_ABNORMAL,MID,2025-02-03 22:21:24,REVIEW,1
AP20250509000086,C00001380,DEVICE_SHARE,MID,2025-05-09 15:46:02,BLOCK,1
AP20250213000160,C00004274,DEVICE_SHARE,LOW,2025-02-13 13:04:49,WATCH,1
AP20250228000138,C00002010,DEVICE_SHARE,MID,2025-02-28 21:22:26,WATCH,1
AP20250224000138,C00006046,DEVICE_SHARE,HIGH,2025-02-24 11:44:32,REVIEW,1
AP20250418000084,C00000551,GPS_ABNORMAL,LOW,2025-04-18 16:35:36,WATCH,1
AP20250308000110,C00002806,BATCH_APPLY,LOW,2025-03-08 23:08:16,WATCH,1
AP20250302000130,C00007075,BATCH_APPLY,LOW,2025-03-02 10:49:09,BLOCK,1
AP20250618000083,C00006184,BATCH_APPLY,MID,2025-06-19 22:40:23,WATCH,1
AP20250128000096,C00002260,GPS_ABNORMAL,HIGH,2025-01-28 19:24:16,REVIEW,1
AP20250212000162,C00002566,DEVICE_SHARE,HIGH,2025-02-12 21:14:12,WATCH,1
AP20250611000094,C00001593,DEVICE_SHARE,MID,2025-06-11 21:21:05,WATCH,1
AP20250624000064,C00008267,DEVICE_SHARE,LOW,2025-06-24 11:42:04,REVIEW,1
AP20250624000065,C00005696,BATCH_APPLY,MID,2025-06-24 22:35:56,WATCH,1
AP20250411000081,C00008485,BATCH_APPLY,LOW,2025-04-11 11:44:59,WATCH,1
AP20250224000139,C00008398,DEVICE_SHARE,HIGH,2025-02-24 20:27:19,WATCH,1
AP20250321000084,C00008344,BATCH_APPLY,HIGH,2025-03-21 22:27:16,WATCH,1
AP20250313000105,C00003249,DEVICE_SHARE,HIGH,2025-03-13 17:39:46,WATCH,1
AP20250622000057,C00000019,GPS_ABNORMAL,LOW,2025-06-22 21:47:43,BLOCK,1
AP20250109000024,C00005846,GPS_ABNORMAL,LOW,2025-01-09 14:05:19,WATCH,1
AP20250211000150,C00008067,GPS_ABNORMAL,LOW,2025-02-11 13:52:40,BLOCK,1
AP20250203000153,C00005099,BATCH_APPLY,LOW,2025-02-03 13:49:09,WATCH,1
AP20250202000141,C00007933,DEVICE_SHARE,LOW,2025-02-02 10:35:34,REVIEW,1
AP20250628000060,C00005857,BATCH_APPLY,LOW,2025-06-28 06:46:52,REVIEW,1
AP20250407000082,C00009880,BATCH_APPLY,MID,2025-04-07 20:47:56,REVIEW,1
AP20250609000082,C00000569,GPS_ABNORMAL,MID,2025-06-09 15:10:26,REVIEW,1
AP20250427000076,C00002539,GPS_ABNORMAL,HIGH,2025-04-27 20:04:41,REVIEW,1
AP20250427000077,C00005451,DEVICE_SHARE,LOW,2025-04-27 10:58:19,REVIEW,1
AP20250420000059,C00006147,BATCH_APPLY,LOW,2025-04-20 23:08:14,BLOCK,1
AP20250517000105,C00009764,GPS_ABNORMAL,LOW,2025-05-17 14:09:54,BLOCK,1
AP20250511000089,C00009480,DEVICE_SHARE,HIGH,2025-05-11 18:55:43,WATCH,1
AP20250421000080,C00000576,DEVICE_SHARE,LOW,2025-04-21 13:21:00,BLOCK,1
AP20250618000086,C00006548,BATCH_APPLY,MID,2025-06-18 22:35:24,BLOCK,1
AP20250427000080,C00001300,GPS_ABNORMAL,MID,2025-04-27 21:05:59,BLOCK,1
AP20250115000066,C00001958,GPS_ABNORMAL,LOW,2025-01-15 13:32:10,WATCH,1
AP20250502000088,C00003423,BATCH_APPLY,MID,2025-05-02 18:00:21,REVIEW,1
AP20250116000070,C00009554,BATCH_APPLY,HIGH,2025-01-16 23:07:05,WATCH,1
AP20250219000161,C00009117,BATCH_APPLY,MID,2025-02-19 20:43:51,WATCH,1
AP20250423000086,C00008124,BATCH_APPLY,HIGH,2025-04-23 12:35:06,REVIEW,1
AP20250510000096,C00001931,DEVICE_SHARE,HIGH,2025-05-10 12:06:04,REVIEW,1
AP20250311000088,C00004657,DEVICE_SHARE,MID,2025-03-11 21:53:43,REVIEW,1
AP20250305000129,C00003832,BATCH_APPLY,LOW,2025-03-05 20:35:38,REVIEW,1
AP20250313000106,C00000351,DEVICE_SHARE,LOW,2025-03-13 13:00:39,BLOCK,1
AP20250408000078,C00004470,DEVICE_SHARE,HIGH,2025-04-08 14:26:03,REVIEW,1
AP20250222000146,C00006579,BATCH_APPLY,LOW,2025-02-22 18:26:31,REVIEW,1
AP20250609000086,C00007386,GPS_ABNORMAL,MID,2025-06-09 22:53:42,WATCH,1
AP20250525000099,C00009067,GPS_ABNORMAL,HIGH,2025-05-25 22:11:41,WATCH,1
AP20250528000088,C00008248,GPS_ABNORMAL,HIGH,2025-05-28 22:53:42,WATCH,1
AP20250629000062,C00005395,GPS_ABNORMAL,MID,2025-06-29 18:07:40,BLOCK,1
AP20250602000089,C00004380,GPS_ABNORMAL,LOW,2025-06-02 22:16:06,WATCH,1
AP20250222000147,C00003193,DEVICE_SHARE,HIGH,2025-02-22 22:11:48,WATCH,1
AP20250124000092,C00004555,DEVICE_SHARE,MID,2025-01-24 22:53:42,REVIEW,1
AP20250602000091,C00006806,BATCH_APPLY,LOW,2025-06-02 22:25:21,WATCH,1
AP20250502000090,C00007795,BATCH_APPLY,LOW,2025-05-02 09:12:50,REVIEW,1
AP20250212000168,C00001019,DEVICE_SHARE,HIGH,2025-02-12 14:45:14,REVIEW,1
AP20250203000156,C00009074,DEVICE_SHARE,MID,2025-02-03 20:55:16,BLOCK,1
AP20250115000069,C00002998,BATCH_APPLY,HIGH,2025-01-15 21:15:08,BLOCK,1
AP20250429000083,C00005938,BATCH_APPLY,HIGH,2025-04-29 12:56:13,WATCH,1
AP20250624000068,C00006719,BATCH_APPLY,MID,2025-06-24 17:29:31,REVIEW,1
AP20250228000148,C00006841,BATCH_APPLY,HIGH,2025-02-28 13:51:03,REVIEW,1
AP20250508000090,C00006855,BATCH_APPLY,MID,2025-05-08 02:28:05,WATCH,1
AP20250514000099,C00008383,BATCH_APPLY,MID,2025-05-14 13:20:42,BLOCK,1
AP20250409000093,C00008603,DEVICE_SHARE,HIGH,2025-04-09 11:04:09,WATCH,1
AP20250123000091,C00001164,DEVICE_SHARE,MID,2025-01-23 13:40:00,REVIEW,1
AP20250420000062,C00001187,GPS_ABNORMAL,LOW,2025-04-20 22:53:29,REVIEW,1
AP20250224000146,C00005772,DEVICE_SHARE,LOW,2025-02-24 21:39:34,BLOCK,1
AP20250414000076,C00007739,BATCH_APPLY,MID,2025-04-14 06:12:29,REVIEW,1
AP20250601000100,C00006695,BATCH_APPLY,MID,2025-06-01 13:19:22,BLOCK,1
AP20250509000097,C00008888,DEVICE_SHARE,MID,2025-05-09 14:36:02,REVIEW,1
AP20250225000161,C00000277,GPS_ABNORMAL,MID,2025-02-25 20:41:18,WATCH,1
AP20250601000101,C00003983,DEVICE_SHARE,LOW,2025-06-01 20:20:02,BLOCK,1
AP20250129000111,C00000217,DEVICE_SHARE,HIGH,2025-01-29 21:12:44,BLOCK,1
AP20250623000069,C00000473,DEVICE_SHARE,HIGH,2025-06-23 15:01:45,REVIEW,1
AP20250409000094,C00003038,DEVICE_SHARE,LOW,2025-04-09 10:17:10,WATCH,1
AP20250307000115,C00008553,GPS_ABNORMAL,HIGH,2025-03-07 16:30:07,REVIEW,1
AP20250526000089,C00007995,GPS_ABNORMAL,MID,2025-05-26 14:20:54,WATCH,1
AP20250530000084,C00008532,DEVICE_SHARE,MID,2025-05-30 15:26:04,WATCH,1
AP20250213000177,C00007199,DEVICE_SHARE,HIGH,2025-02-13 12:23:23,WATCH,1
AP20250508000093,C00001244,GPS_ABNORMAL,MID,2025-05-08 21:05:58,REVIEW,1
AP20250614000085,C00009711,GPS_ABNORMAL,MID,2025-06-14 15:57:26,REVIEW,1
AP20250515000095,C00003437,DEVICE_SHARE,HIGH,2025-05-15 21:41:50,BLOCK,1
AP20250527000082,C00002759,DEVICE_SHARE,LOW,2025-05-27 13:24:10,WATCH,1
AP20250606000100,C00005450,GPS_ABNORMAL,MID,2025-06-06 09:01:37,WATCH,1
AP20250219000171,C00008156,DEVICE_SHARE,MID,2025-02-19 14:11:23,BLOCK,1
AP20250307000116,C00009133,GPS_ABNORMAL,MID,2025-03-07 12:32:58,BLOCK,1
AP20250323000085,C00004402,GPS_ABNORMAL,HIGH,2025-03-23 17:47:06,WATCH,1
AP20250616000093,C00005252,DEVICE_SHARE,HIGH,2025-06-16 13:27:24,WATCH,1
AP20250331000089,C00005551,BATCH_APPLY,HIGH,2025-03-31 23:00:14,REVIEW,1
AP20250218000193,C00009936,BATCH_APPLY,MID,2025-02-18 22:31:24,REVIEW,1
AP20250309000123,C00006116,GPS_ABNORMAL,MID,2025-03-09 02:04:07,REVIEW,1
AP20250603000095,C00002017,BATCH_APPLY,LOW,2025-06-03 13:39:44,WATCH,1
AP20250418000091,C00003708,BATCH_APPLY,HIGH,2025-04-18 07:06:37,BLOCK,1
AP20250307000117,C00003404,BATCH_APPLY,HIGH,2025-03-07 21:20:15,WATCH,1
AP20250212000177,C00004657,BATCH_APPLY,LOW,2025-02-12 19:31:05,REVIEW,1
AP20250314000110,C00004197,GPS_ABNORMAL,HIGH,2025-03-14 17:12:35,WATCH,1
AP20250117000073,C00004638,BATCH_APPLY,MID,2025-01-17 17:12:35,BLOCK,1
AP20250310000117,C00008541,GPS_ABNORMAL,MID,2025-03-10 13:16:02,BLOCK,1
AP20250526000092,C00005782,DEVICE_SHARE,MID,2025-05-26 20:44:02,WATCH,1
AP20250303000128,C00007699,BATCH_APPLY,LOW,2025-03-03 01:45:15,BLOCK,1
AP20250516000106,C00009419,BATCH_APPLY,HIGH,2025-05-16 22:37:04,WATCH,1
AP20250130000125,C00009205,GPS_ABNORMAL,LOW,2025-01-30 15:31:41,WATCH,1
AP20250619000085,C00005590,BATCH_APPLY,LOW,2025-06-19 09:18:42,REVIEW,1
AP20250608000096,C00004972,BATCH_APPLY,LOW,2025-06-08 01:05:10,BLOCK,1
AP20250414000080,C00005594,BATCH_APPLY,HIGH,2025-04-14 23:09:20,REVIEW,1
AP20250329000091,C00008826,DEVICE_SHARE,LOW,2025-03-29 21:26:08,REVIEW,1
AP20250222000151,C00003915,BATCH_APPLY,LOW,2025-02-22 11:56:21,WATCH,1
AP20250221000180,C00006837,GPS_ABNORMAL,LOW,2025-02-21 10:45:36,WATCH,1
AP20250205000138,C00000169,GPS_ABNORMAL,MID,2025-02-05 13:25:05,REVIEW,1
AP20250305000139,C00007072,GPS_ABNORMAL,HIGH,2025-03-05 13:13:52,REVIEW,1
AP20250627000080,C00008205,GPS_ABNORMAL,HIGH,2025-06-27 13:53:00,WATCH,1
AP20250408000086,C00002244,GPS_ABNORMAL,MID,2025-04-08 14:47:22,WATCH,1
AP20250307000122,C00003045,DEVICE_SHARE,MID,2025-03-07 22:56:34,BLOCK,1
AP20250411000091,C00003827,GPS_ABNORMAL,LOW,2025-04-11 13:03:13,REVIEW,1
AP20250307000123,C00003474,GPS_ABNORMAL,MID,2025-03-07 20:27:37,WATCH,1
AP20250401000084,C00007429,GPS_ABNORMAL,LOW,2025-04-01 18:16:40,REVIEW,1
AP20250619000087,C00002756,DEVICE_SHARE,LOW,2025-06-19 06:19:02,REVIEW,1
AP20250329000093,C00003060,GPS_ABNORMAL,LOW,2025-03-29 11:31:43,REVIEW,1
AP20250219000180,C00001891,GPS_ABNORMAL,HIGH,2025-02-19 21:49:49,WATCH,1
AP20250430000082,C00009281,DEVICE_SHARE,HIGH,2025-04-30 22:30:02,BLOCK,1
AP20250604000080,C00000700,DEVICE_SHARE,MID,2025-06-04 13:49:00,WATCH,1
AP20250323000087,C00006824,DEVICE_SHARE,LOW,2025-03-23 22:20:53,BLOCK,1
AP20250527000087,C00004644,DEVICE_SHARE,HIGH,2025-05-27 21:25:28,BLOCK,1
